DeviceSet,9214,Object
CAS.FTNIR.Simulator,10205,Object
CAS.FTNIR.Simulator_ParameterSet,10206,Object
CAS.FTNIR.Simulator_MethodSet,10207,Object
CAS.FTNIR.Simulator_SerialNumber,10208,Variable
CAS.FTNIR.Simulator_Manufacturer,10209,Variable
CAS.FTNIR.Simulator_Model,10210,Variable
CAS.FTNIR.Simulator_DeviceManual,10211,Variable
CAS.FTNIR.Simulator_DeviceRevision,10212,Variable
CAS.FTNIR.Simulator_SoftwareRevision,10213,Variable
CAS.FTNIR.Simulator_HardwareRevision,10214,Variable
CAS.FTNIR.Simulator_ParameterSet_DiagnosticStatus,10215,Variable
CAS.FTNIR.Simulator_ParameterSet_DiagnosticStatus_Definition,10216,Variable
CAS.FTNIR.Simulator_ParameterSet_DiagnosticStatus_ValuePrecision,10217,Variable
CAS.FTNIR.Simulator_ParameterSet_OutOfSpecification,10218,Variable
CAS.FTNIR.Simulator_ParameterSet_OutOfSpecification_Definition,10219,Variable
CAS.FTNIR.Simulator_ParameterSet_OutOfSpecification_ValuePrecision,10220,Variable
CAS.FTNIR.Simulator_ParameterSet_OutOfSpecification_FalseState,10221,Variable
CAS.FTNIR.Simulator_ParameterSet_OutOfSpecification_TrueState,10222,Variable
CAS.FTNIR.Simulator_ParameterSet_FunctionCheck,10223,Variable
CAS.FTNIR.Simulator_ParameterSet_FunctionCheck_Definition,10224,Variable
CAS.FTNIR.Simulator_ParameterSet_FunctionCheck_ValuePrecision,10225,Variable
CAS.FTNIR.Simulator_ParameterSet_FunctionCheck_FalseState,10226,Variable
CAS.FTNIR.Simulator_ParameterSet_FunctionCheck_TrueState,10227,Variable
CAS.FTNIR.Simulator_ParameterSet_SerialNumber,10228,Variable
CAS.FTNIR.Simulator_ParameterSet_SerialNumber_Definition,10229,Variable
CAS.FTNIR.Simulator_ParameterSet_SerialNumber_ValuePrecision,10230,Variable
CAS.FTNIR.Simulator_ParameterSet_Manufacturer,10231,Variable
CAS.FTNIR.Simulator_ParameterSet_Manufacturer_Definition,10232,Variable
CAS.FTNIR.Simulator_ParameterSet_Manufacturer_ValuePrecision,10233,Variable
CAS.FTNIR.Simulator_ParameterSet_Model,10234,Variable
CAS.FTNIR.Simulator_ParameterSet_Model_Definition,10235,Variable
CAS.FTNIR.Simulator_ParameterSet_Model_ValuePrecision,10236,Variable
CAS.FTNIR.Simulator_ParameterSet_DeviceManual,10237,Variable
CAS.FTNIR.Simulator_ParameterSet_DeviceManual_Definition,10238,Variable
CAS.FTNIR.Simulator_ParameterSet_DeviceManual_ValuePrecision,10239,Variable
CAS.FTNIR.Simulator_ParameterSet_DeviceRevision,10240,Variable
CAS.FTNIR.Simulator_ParameterSet_DeviceRevision_Definition,10241,Variable
CAS.FTNIR.Simulator_ParameterSet_DeviceRevision_ValuePrecision,10242,Variable
CAS.FTNIR.Simulator_ParameterSet_SoftwareRevision,10243,Variable
CAS.FTNIR.Simulator_ParameterSet_SoftwareRevision_Definition,10244,Variable
CAS.FTNIR.Simulator_ParameterSet_SoftwareRevision_ValuePrecision,10245,Variable
CAS.FTNIR.Simulator_ParameterSet_HardwareRevision,10246,Variable
CAS.FTNIR.Simulator_ParameterSet_HardwareRevision_Definition,10247,Variable
CAS.FTNIR.Simulator_ParameterSet_HardwareRevision_ValuePrecision,10248,Variable
CAS.FTNIR.Simulator_ParameterSet_RevisionCounter,10249,Variable
CAS.FTNIR.Simulator_ParameterSet_RevisionCounter_Definition,10250,Variable
CAS.FTNIR.Simulator_ParameterSet_RevisionCounter_ValuePrecision,10251,Variable
CAS.FTNIR.Simulator_ParameterSet_RevisionCounter_EURange,10252,Variable
CAS.FTNIR.Simulator_ParameterSet_RevisionCounter_InstrumentRange,10253,Variable
CAS.FTNIR.Simulator_ParameterSet_RevisionCounter_EngineeringUnits,10254,Variable
CAS.FTNIR.Simulator_ParameterSet_MACAddress,10255,Variable
CAS.FTNIR.Simulator_ParameterSet_MACAddress_Definition,10256,Variable
CAS.FTNIR.Simulator_ParameterSet_MACAddress_ValuePrecision,10257,Variable
CAS.FTNIR.Simulator_Configuration,10258,Object
CAS.FTNIR.Simulator_Status,10259,Object
CAS.FTNIR.Simulator_FactorySettings,10260,Object
CAS.FTNIR.Simulator_AnalyserStateMachine,10261,Object
CAS.FTNIR.Simulator_AnalyserStateMachine_CurrentState,10262,Variable
CAS.FTNIR.Simulator_AnalyserStateMachine_CurrentState_Id,10263,Variable
CAS.FTNIR.Simulator_AnalyserStateMachine_CurrentState_Name,10264,Variable
CAS.FTNIR.Simulator_AnalyserStateMachine_CurrentState_Number,10265,Variable
CAS.FTNIR.Simulator_AnalyserStateMachine_CurrentState_EffectiveDisplayName,10266,Variable
CAS.FTNIR.Simulator_AnalyserStateMachine_LastTransition,10267,Variable
CAS.FTNIR.Simulator_AnalyserStateMachine_LastTransition_Id,10268,Variable
CAS.FTNIR.Simulator_AnalyserStateMachine_LastTransition_Name,10269,Variable
CAS.FTNIR.Simulator_AnalyserStateMachine_LastTransition_Number,10270,Variable
CAS.FTNIR.Simulator_AnalyserStateMachine_LastTransition_TransitionTime,10271,Variable
CAS.FTNIR.Simulator_AnalyserStateMachine_Powerup,10272,Object
CAS.FTNIR.Simulator_AnalyserStateMachine_Powerup_StateNumber,10273,Variable
CAS.FTNIR.Simulator_AnalyserStateMachine_Operating,10274,Object
CAS.FTNIR.Simulator_AnalyserStateMachine_Operating_StateNumber,10275,Variable
CAS.FTNIR.Simulator_AnalyserStateMachine_Local,10276,Object
CAS.FTNIR.Simulator_AnalyserStateMachine_Local_StateNumber,10277,Variable
CAS.FTNIR.Simulator_AnalyserStateMachine_Maintenance,10278,Object
CAS.FTNIR.Simulator_AnalyserStateMachine_Maintenance_StateNumber,10279,Variable
CAS.FTNIR.Simulator_AnalyserStateMachine_Shutdown,10280,Object
CAS.FTNIR.Simulator_AnalyserStateMachine_Shutdown_StateNumber,10281,Variable
CAS.FTNIR.Simulator_AnalyserStateMachine_PowerupToOperatingTransition,10282,Object
CAS.FTNIR.Simulator_AnalyserStateMachine_PowerupToOperatingTransition_TransitionNumber,10283,Variable
CAS.FTNIR.Simulator_AnalyserStateMachine_OperatingToLocalTransition,10284,Object
CAS.FTNIR.Simulator_AnalyserStateMachine_OperatingToLocalTransition_TransitionNumber,10285,Variable
CAS.FTNIR.Simulator_AnalyserStateMachine_OperatingToMaintenanceTransition,10286,Object
CAS.FTNIR.Simulator_AnalyserStateMachine_OperatingToMaintenanceTransition_TransitionNumber,10287,Variable
CAS.FTNIR.Simulator_AnalyserStateMachine_LocalToOperatingTransition,10288,Object
CAS.FTNIR.Simulator_AnalyserStateMachine_LocalToOperatingTransition_TransitionNumber,10289,Variable
CAS.FTNIR.Simulator_AnalyserStateMachine_LocalToMaintenanceTransition,10290,Object
CAS.FTNIR.Simulator_AnalyserStateMachine_LocalToMaintenanceTransition_TransitionNumber,10291,Variable
CAS.FTNIR.Simulator_AnalyserStateMachine_MaintenanceToOperatingTransition,10292,Object
CAS.FTNIR.Simulator_AnalyserStateMachine_MaintenanceToOperatingTransition_TransitionNumber,10293,Variable
CAS.FTNIR.Simulator_AnalyserStateMachine_MaintenanceToLocalTransition,10294,Object
CAS.FTNIR.Simulator_AnalyserStateMachine_MaintenanceToLocalTransition_TransitionNumber,10295,Variable
CAS.FTNIR.Simulator_AnalyserStateMachine_OperatingToShutdownTransition,10296,Object
CAS.FTNIR.Simulator_AnalyserStateMachine_OperatingToShutdownTransition_TransitionNumber,10297,Variable
CAS.FTNIR.Simulator_AnalyserStateMachine_LocalToShutdownTransition,10298,Object
CAS.FTNIR.Simulator_AnalyserStateMachine_LocalToShutdownTransition_TransitionNumber,10299,Variable
CAS.FTNIR.Simulator_AnalyserStateMachine_MaintenanceToShutdownTransition,10300,Object
CAS.FTNIR.Simulator_AnalyserStateMachine_MaintenanceToShutdownTransition_TransitionNumber,10301,Variable
CAS.FTNIR.Simulator_AnalyserStateMachine_GotoOperating,10302,Method
CAS.FTNIR.Simulator_AnalyserStateMachine_GotoMaintenance,10303,Method
CAS.FTNIR.Simulator_GetConfiguration,10304,Method
CAS.FTNIR.Simulator_GetConfiguration_OutputArguments,10305,Variable
CAS.FTNIR.Simulator_SetConfiguration,10306,Method
CAS.FTNIR.Simulator_SetConfiguration_InputArguments,10307,Variable
CAS.FTNIR.Simulator_SetConfiguration_OutputArguments,10308,Variable
CAS.FTNIR.Simulator_GetConfigDataDigest,10309,Method
CAS.FTNIR.Simulator_GetConfigDataDigest_OutputArguments,10310,Variable
CAS.FTNIR.Simulator_CompareConfigDataDigest,10311,Method
CAS.FTNIR.Simulator_CompareConfigDataDigest_InputArguments,10312,Variable
CAS.FTNIR.Simulator_CompareConfigDataDigest_OutputArguments,10313,Variable
CAS.FTNIR.Simulator_ResetAllChannels,10314,Method
CAS.FTNIR.Simulator_StartAllChannels,10315,Method
CAS.FTNIR.Simulator_StopAllChannels,10316,Method
CAS.FTNIR.Simulator_AbortAllChannels,10317,Method
CAS.FTNIR.Simulator_ParameterSet_SpectralRange,10318,Variable
CAS.FTNIR.Simulator_ParameterSet_SpectralRange_Definition,10319,Variable
CAS.FTNIR.Simulator_ParameterSet_SpectralRange_ValuePrecision,10320,Variable
CAS.FTNIR.Simulator_IRSourceSlot,10321,Object
CAS.FTNIR.Simulator_IRSourceSlot_IsHotSwappable,10322,Variable
CAS.FTNIR.Simulator_IRSourceSlot_IsEnabled,10323,Variable
CAS.FTNIR.Simulator_IRSourceSlot_AccessorySlotStateMachine,10324,Object
CAS.FTNIR.Simulator_IRSourceSlot_AccessorySlotStateMachine_CurrentState,10325,Variable
CAS.FTNIR.Simulator_IRSourceSlot_AccessorySlotStateMachine_CurrentState_Id,10326,Variable
CAS.FTNIR.Simulator_IRSourceSlot_AccessorySlotStateMachine_CurrentState_Name,10327,Variable
CAS.FTNIR.Simulator_IRSourceSlot_AccessorySlotStateMachine_CurrentState_Number,10328,Variable
CAS.FTNIR.Simulator_IRSourceSlot_AccessorySlotStateMachine_CurrentState_EffectiveDisplayName,10329,Variable
CAS.FTNIR.Simulator_IRSourceSlot_AccessorySlotStateMachine_LastTransition,10330,Variable
CAS.FTNIR.Simulator_IRSourceSlot_AccessorySlotStateMachine_LastTransition_Id,10331,Variable
CAS.FTNIR.Simulator_IRSourceSlot_AccessorySlotStateMachine_LastTransition_Name,10332,Variable
CAS.FTNIR.Simulator_IRSourceSlot_AccessorySlotStateMachine_LastTransition_Number,10333,Variable
CAS.FTNIR.Simulator_IRSourceSlot_AccessorySlotStateMachine_LastTransition_TransitionTime,10334,Variable
CAS.FTNIR.Simulator_IRSourceSlot_AccessorySlotStateMachine_Powerup,10335,Object
CAS.FTNIR.Simulator_IRSourceSlot_AccessorySlotStateMachine_Powerup_StateNumber,10336,Variable
CAS.FTNIR.Simulator_IRSourceSlot_AccessorySlotStateMachine_Empty,10337,Object
CAS.FTNIR.Simulator_IRSourceSlot_AccessorySlotStateMachine_Empty_StateNumber,10338,Variable
CAS.FTNIR.Simulator_IRSourceSlot_AccessorySlotStateMachine_Inserting,10339,Object
CAS.FTNIR.Simulator_IRSourceSlot_AccessorySlotStateMachine_Inserting_StateNumber,10340,Variable
CAS.FTNIR.Simulator_IRSourceSlot_AccessorySlotStateMachine_Installed,10341,Object
CAS.FTNIR.Simulator_IRSourceSlot_AccessorySlotStateMachine_Installed_StateNumber,10342,Variable
CAS.FTNIR.Simulator_IRSourceSlot_AccessorySlotStateMachine_Removing,10343,Object
CAS.FTNIR.Simulator_IRSourceSlot_AccessorySlotStateMachine_Removing_StateNumber,10344,Variable
CAS.FTNIR.Simulator_IRSourceSlot_AccessorySlotStateMachine_Shutdown,10345,Object
CAS.FTNIR.Simulator_IRSourceSlot_AccessorySlotStateMachine_Shutdown_StateNumber,10346,Variable
CAS.FTNIR.Simulator_IRSourceSlot_AccessorySlotStateMachine_PowerupToEmptyTransition,10347,Object
CAS.FTNIR.Simulator_IRSourceSlot_AccessorySlotStateMachine_PowerupToEmptyTransition_TransitionNumber,10348,Variable
CAS.FTNIR.Simulator_IRSourceSlot_AccessorySlotStateMachine_EmptyToInsertingTransition,10349,Object
CAS.FTNIR.Simulator_IRSourceSlot_AccessorySlotStateMachine_EmptyToInsertingTransition_TransitionNumber,10350,Variable
CAS.FTNIR.Simulator_IRSourceSlot_AccessorySlotStateMachine_InsertingTransition,10351,Object
CAS.FTNIR.Simulator_IRSourceSlot_AccessorySlotStateMachine_InsertingTransition_TransitionNumber,10352,Variable
CAS.FTNIR.Simulator_IRSourceSlot_AccessorySlotStateMachine_InsertingToRemovingTransition,10353,Object
CAS.FTNIR.Simulator_IRSourceSlot_AccessorySlotStateMachine_InsertingToRemovingTransition_TransitionNumber,10354,Variable
CAS.FTNIR.Simulator_IRSourceSlot_AccessorySlotStateMachine_InsertingToInstalledTransition,10355,Object
CAS.FTNIR.Simulator_IRSourceSlot_AccessorySlotStateMachine_InsertingToInstalledTransition_TransitionNumber,10356,Variable
CAS.FTNIR.Simulator_IRSourceSlot_AccessorySlotStateMachine_InstalledToRemovingTransition,10357,Object
CAS.FTNIR.Simulator_IRSourceSlot_AccessorySlotStateMachine_InstalledToRemovingTransition_TransitionNumber,10358,Variable
CAS.FTNIR.Simulator_IRSourceSlot_AccessorySlotStateMachine_RemovingTransition,10359,Object
CAS.FTNIR.Simulator_IRSourceSlot_AccessorySlotStateMachine_RemovingTransition_TransitionNumber,10360,Variable
CAS.FTNIR.Simulator_IRSourceSlot_AccessorySlotStateMachine_RemovingToEmptyTransition,10361,Object
CAS.FTNIR.Simulator_IRSourceSlot_AccessorySlotStateMachine_RemovingToEmptyTransition_TransitionNumber,10362,Variable
CAS.FTNIR.Simulator_IRSourceSlot_AccessorySlotStateMachine_EmptyToShutdownTransition,10363,Object
CAS.FTNIR.Simulator_IRSourceSlot_AccessorySlotStateMachine_EmptyToShutdownTransition_TransitionNumber,10364,Variable
CAS.FTNIR.Simulator_IRSourceSlot_AccessorySlotStateMachine_InsertingToShutdownTransition,10365,Object
CAS.FTNIR.Simulator_IRSourceSlot_AccessorySlotStateMachine_InsertingToShutdownTransition_TransitionNumber,10366,Variable
CAS.FTNIR.Simulator_IRSourceSlot_AccessorySlotStateMachine_InstalledToShutdownTransition,10367,Object
CAS.FTNIR.Simulator_IRSourceSlot_AccessorySlotStateMachine_InstalledToShutdownTransition_TransitionNumber,10368,Variable
CAS.FTNIR.Simulator_IRSourceSlot_AccessorySlotStateMachine_RemovingToShutdownTransition,10369,Object
CAS.FTNIR.Simulator_IRSourceSlot_AccessorySlotStateMachine_RemovingToShutdownTransition_TransitionNumber,10370,Variable
CAS.FTNIR.Simulator_IRSourceSlot_SupportedTypes,10371,Object
CAS.FTNIR.Simulator_IRSourceSlot_IRSource,10372,Object
CAS.FTNIR.Simulator_IRSourceSlot_IRSource_ParameterSet,10373,Object
CAS.FTNIR.Simulator_IRSourceSlot_IRSource_MethodSet,10374,Object
CAS.FTNIR.Simulator_IRSourceSlot_IRSource_Configuration,10375,Object
CAS.FTNIR.Simulator_IRSourceSlot_IRSource_Status,10376,Object
CAS.FTNIR.Simulator_IRSourceSlot_IRSource_FactorySettings,10377,Object
CAS.FTNIR.Simulator_IRSourceSlot_IRSource_IsHotSwappable,10378,Variable
CAS.FTNIR.Simulator_IRSourceSlot_IRSource_IsReady,10379,Variable
CAS.FTNIR.Simulator_IRSourceSlot_IRSource_ParameterSet_SerialNumber,10380,Variable
CAS.FTNIR.Simulator_IRSourceSlot_IRSource_ParameterSet_SerialNumber_Definition,10381,Variable
CAS.FTNIR.Simulator_IRSourceSlot_IRSource_ParameterSet_SerialNumber_ValuePrecision,10382,Variable
CAS.FTNIR.Simulator_IRSourceSlot_IRSource_ParameterSet_Manufacturer,10383,Variable
CAS.FTNIR.Simulator_IRSourceSlot_IRSource_ParameterSet_Manufacturer_Definition,10384,Variable
CAS.FTNIR.Simulator_IRSourceSlot_IRSource_ParameterSet_Manufacturer_ValuePrecision,10385,Variable
CAS.FTNIR.Simulator_IRSourceSlot_IRSource_ParameterSet_Model,10386,Variable
CAS.FTNIR.Simulator_IRSourceSlot_IRSource_ParameterSet_Model_Definition,10387,Variable
CAS.FTNIR.Simulator_IRSourceSlot_IRSource_ParameterSet_Model_ValuePrecision,10388,Variable
CAS.FTNIR.Simulator_IRSourceSlot_IRSource_ParameterSet_IsEnabled,10389,Variable
CAS.FTNIR.Simulator_IRSourceSlot_IRSource_ParameterSet_IsEnabled_Definition,10390,Variable
CAS.FTNIR.Simulator_IRSourceSlot_IRSource_ParameterSet_IsEnabled_ValuePrecision,10391,Variable
CAS.FTNIR.Simulator_IRSourceSlot_IRSource_ParameterSet_ActualTemperature,10392,Variable
CAS.FTNIR.Simulator_IRSourceSlot_IRSource_ParameterSet_ActualTemperature_Definition,10393,Variable
CAS.FTNIR.Simulator_IRSourceSlot_IRSource_ParameterSet_ActualTemperature_ValuePrecision,10394,Variable
CAS.FTNIR.Simulator_Channel1,10395,Object
CAS.FTNIR.Simulator_Channel1_ParameterSet,10396,Object
CAS.FTNIR.Simulator_Channel1_MethodSet,10397,Object
CAS.FTNIR.Simulator_Channel1_ParameterSet_ChannelId,10398,Variable
CAS.FTNIR.Simulator_Channel1_ParameterSet_ChannelId_Definition,10399,Variable
CAS.FTNIR.Simulator_Channel1_ParameterSet_ChannelId_ValuePrecision,10400,Variable
CAS.FTNIR.Simulator_Channel1_ParameterSet_DiagnosticStatus,10401,Variable
CAS.FTNIR.Simulator_Channel1_ParameterSet_DiagnosticStatus_Definition,10402,Variable
CAS.FTNIR.Simulator_Channel1_ParameterSet_DiagnosticStatus_ValuePrecision,10403,Variable
CAS.FTNIR.Simulator_Channel1_ParameterSet_ActiveStream,10404,Variable
CAS.FTNIR.Simulator_Channel1_ParameterSet_ActiveStream_Definition,10405,Variable
CAS.FTNIR.Simulator_Channel1_ParameterSet_ActiveStream_ValuePrecision,10406,Variable
CAS.FTNIR.Simulator_Channel1_Configuration,10407,Object
CAS.FTNIR.Simulator_Channel1_Status,10408,Object
CAS.FTNIR.Simulator_Channel1_ChannelStateMachine,10409,Object
CAS.FTNIR.Simulator_Channel1_ChannelStateMachine_CurrentState,10410,Variable
CAS.FTNIR.Simulator_Channel1_ChannelStateMachine_CurrentState_Id,10411,Variable
CAS.FTNIR.Simulator_Channel1_ChannelStateMachine_CurrentState_Name,10412,Variable
CAS.FTNIR.Simulator_Channel1_ChannelStateMachine_CurrentState_Number,10413,Variable
CAS.FTNIR.Simulator_Channel1_ChannelStateMachine_CurrentState_EffectiveDisplayName,10414,Variable
CAS.FTNIR.Simulator_Channel1_ChannelStateMachine_LastTransition,10415,Variable
CAS.FTNIR.Simulator_Channel1_ChannelStateMachine_LastTransition_Id,10416,Variable
CAS.FTNIR.Simulator_Channel1_ChannelStateMachine_LastTransition_Name,10417,Variable
CAS.FTNIR.Simulator_Channel1_ChannelStateMachine_LastTransition_Number,10418,Variable
CAS.FTNIR.Simulator_Channel1_ChannelStateMachine_LastTransition_TransitionTime,10419,Variable
CAS.FTNIR.Simulator_Channel1_ChannelStateMachine_SlaveMode,10420,Object
CAS.FTNIR.Simulator_Channel1_ChannelStateMachine_SlaveMode_StateNumber,10421,Variable
CAS.FTNIR.Simulator_Channel1_ChannelStateMachine_Operating,10422,Object
CAS.FTNIR.Simulator_Channel1_ChannelStateMachine_Operating_StateNumber,10423,Variable
CAS.FTNIR.Simulator_Channel1_ChannelStateMachine_Operating_OperatingSubStateMachine,10424,Object
CAS.FTNIR.Simulator_Channel1_ChannelStateMachine_Local,10425,Object
CAS.FTNIR.Simulator_Channel1_ChannelStateMachine_Local_StateNumber,10426,Variable
CAS.FTNIR.Simulator_Channel1_ChannelStateMachine_Maintenance,10427,Object
CAS.FTNIR.Simulator_Channel1_ChannelStateMachine_Maintenance_StateNumber,10428,Variable
CAS.FTNIR.Simulator_Channel1_ChannelStateMachine_SlaveModeToOperatingTransition,10429,Object
CAS.FTNIR.Simulator_Channel1_ChannelStateMachine_SlaveModeToOperatingTransition_TransitionNumber,10430,Variable
CAS.FTNIR.Simulator_Channel1_ChannelStateMachine_OperatingToLocalTransition,10431,Object
CAS.FTNIR.Simulator_Channel1_ChannelStateMachine_OperatingToLocalTransition_TransitionNumber,10432,Variable
CAS.FTNIR.Simulator_Channel1_ChannelStateMachine_OperatingToMaintenanceTransition,10433,Object
CAS.FTNIR.Simulator_Channel1_ChannelStateMachine_OperatingToMaintenanceTransition_TransitionNumber,10434,Variable
CAS.FTNIR.Simulator_Channel1_ChannelStateMachine_LocalToOperatingTransition,10435,Object
CAS.FTNIR.Simulator_Channel1_ChannelStateMachine_LocalToOperatingTransition_TransitionNumber,10436,Variable
CAS.FTNIR.Simulator_Channel1_ChannelStateMachine_LocalToMaintenanceTransition,10437,Object
CAS.FTNIR.Simulator_Channel1_ChannelStateMachine_LocalToMaintenanceTransition_TransitionNumber,10438,Variable
CAS.FTNIR.Simulator_Channel1_ChannelStateMachine_MaintenanceToOperatingTransition,10439,Object
CAS.FTNIR.Simulator_Channel1_ChannelStateMachine_MaintenanceToOperatingTransition_TransitionNumber,10440,Variable
CAS.FTNIR.Simulator_Channel1_ChannelStateMachine_MaintenanceToLocalTransition,10441,Object
CAS.FTNIR.Simulator_Channel1_ChannelStateMachine_MaintenanceToLocalTransition_TransitionNumber,10442,Variable
CAS.FTNIR.Simulator_Channel1_ChannelStateMachine_OperatingToSlaveModeTransition,10443,Object
CAS.FTNIR.Simulator_Channel1_ChannelStateMachine_OperatingToSlaveModeTransition_TransitionNumber,10444,Variable
CAS.FTNIR.Simulator_Channel1_ChannelStateMachine_LocalToSlaveModeTransition,10445,Object
CAS.FTNIR.Simulator_Channel1_ChannelStateMachine_LocalToSlaveModeTransition_TransitionNumber,10446,Variable
CAS.FTNIR.Simulator_Channel1_ChannelStateMachine_MaintenanceToSlaveModeTransition,10447,Object
CAS.FTNIR.Simulator_Channel1_ChannelStateMachine_MaintenanceToSlaveModeTransition_TransitionNumber,10448,Variable
CAS.FTNIR.Simulator_Channel1_ChannelStateMachine_GotoOperating,10449,Method
CAS.FTNIR.Simulator_Channel1_ChannelStateMachine_GotoMaintenance,10450,Method
CAS.FTNIR.Simulator_Channel1_StartSingleAcquisition,10451,Method
CAS.FTNIR.Simulator_Channel1_StartSingleAcquisition_InputArguments,10452,Variable
CAS.FTNIR.Simulator_Channel1_Channel1Stream1,10453,Object
CAS.FTNIR.Simulator_Channel1_Channel1Stream1_ParameterSet,10454,Object
CAS.FTNIR.Simulator_Channel1_Channel1Stream1_MethodSet,10455,Object
CAS.FTNIR.Simulator_Channel1_Channel1Stream1_ParameterSet_StreamId,10456,Variable
CAS.FTNIR.Simulator_Channel1_Channel1Stream1_ParameterSet_StreamId_Definition,10457,Variable
CAS.FTNIR.Simulator_Channel1_Channel1Stream1_ParameterSet_StreamId_ValuePrecision,10458,Variable
CAS.FTNIR.Simulator_Channel1_Channel1Stream1_ParameterSet_IsEnabled,10459,Variable
CAS.FTNIR.Simulator_Channel1_Channel1Stream1_ParameterSet_IsEnabled_Definition,10460,Variable
CAS.FTNIR.Simulator_Channel1_Channel1Stream1_ParameterSet_IsEnabled_ValuePrecision,10461,Variable
CAS.FTNIR.Simulator_Channel1_Channel1Stream1_ParameterSet_IsForced,10462,Variable
CAS.FTNIR.Simulator_Channel1_Channel1Stream1_ParameterSet_IsForced_Definition,10463,Variable
CAS.FTNIR.Simulator_Channel1_Channel1Stream1_ParameterSet_IsForced_ValuePrecision,10464,Variable
CAS.FTNIR.Simulator_Channel1_Channel1Stream1_ParameterSet_DiagnosticStatus,10465,Variable
CAS.FTNIR.Simulator_Channel1_Channel1Stream1_ParameterSet_DiagnosticStatus_Definition,10466,Variable
CAS.FTNIR.Simulator_Channel1_Channel1Stream1_ParameterSet_DiagnosticStatus_ValuePrecision,10467,Variable
CAS.FTNIR.Simulator_Channel1_Channel1Stream1_ParameterSet_LastCalibrationTime,10468,Variable
CAS.FTNIR.Simulator_Channel1_Channel1Stream1_ParameterSet_LastCalibrationTime_Definition,10469,Variable
CAS.FTNIR.Simulator_Channel1_Channel1Stream1_ParameterSet_LastCalibrationTime_ValuePrecision,10470,Variable
CAS.FTNIR.Simulator_Channel1_Channel1Stream1_ParameterSet_LastValidationTime,10471,Variable
CAS.FTNIR.Simulator_Channel1_Channel1Stream1_ParameterSet_LastValidationTime_Definition,10472,Variable
CAS.FTNIR.Simulator_Channel1_Channel1Stream1_ParameterSet_LastValidationTime_ValuePrecision,10473,Variable
CAS.FTNIR.Simulator_Channel1_Channel1Stream1_ParameterSet_LastSampleTime,10474,Variable
CAS.FTNIR.Simulator_Channel1_Channel1Stream1_ParameterSet_LastSampleTime_Definition,10475,Variable
CAS.FTNIR.Simulator_Channel1_Channel1Stream1_ParameterSet_LastSampleTime_ValuePrecision,10476,Variable
CAS.FTNIR.Simulator_Channel1_Channel1Stream1_ParameterSet_TimeBetweenSamples,10477,Variable
CAS.FTNIR.Simulator_Channel1_Channel1Stream1_ParameterSet_TimeBetweenSamples_Definition,10478,Variable
CAS.FTNIR.Simulator_Channel1_Channel1Stream1_ParameterSet_TimeBetweenSamples_ValuePrecision,10479,Variable
CAS.FTNIR.Simulator_Channel1_Channel1Stream1_ParameterSet_TimeBetweenSamples_EURange,10480,Variable
CAS.FTNIR.Simulator_Channel1_Channel1Stream1_ParameterSet_TimeBetweenSamples_InstrumentRange,10481,Variable
CAS.FTNIR.Simulator_Channel1_Channel1Stream1_ParameterSet_TimeBetweenSamples_EngineeringUnits,10482,Variable
CAS.FTNIR.Simulator_Channel1_Channel1Stream1_ParameterSet_IsActive,10483,Variable
CAS.FTNIR.Simulator_Channel1_Channel1Stream1_ParameterSet_IsActive_Definition,10484,Variable
CAS.FTNIR.Simulator_Channel1_Channel1Stream1_ParameterSet_IsActive_ValuePrecision,10485,Variable
CAS.FTNIR.Simulator_Channel1_Channel1Stream1_ParameterSet_AcquisitionCycle,10486,Variable
CAS.FTNIR.Simulator_Channel1_Channel1Stream1_ParameterSet_Progress,10487,Variable
CAS.FTNIR.Simulator_Channel1_Channel1Stream1_ParameterSet_Progress_Definition,10488,Variable
CAS.FTNIR.Simulator_Channel1_Channel1Stream1_ParameterSet_Progress_ValuePrecision,10489,Variable
CAS.FTNIR.Simulator_Channel1_Channel1Stream1_ParameterSet_AcquisitionCounter,10490,Variable
CAS.FTNIR.Simulator_Channel1_Channel1Stream1_ParameterSet_AcquisitionCounter_Definition,10491,Variable
CAS.FTNIR.Simulator_Channel1_Channel1Stream1_ParameterSet_AcquisitionCounter_ValuePrecision,10492,Variable
CAS.FTNIR.Simulator_Channel1_Channel1Stream1_ParameterSet_AcquisitionCounter_EURange,10493,Variable
CAS.FTNIR.Simulator_Channel1_Channel1Stream1_ParameterSet_AcquisitionCounter_InstrumentRange,10494,Variable
CAS.FTNIR.Simulator_Channel1_Channel1Stream1_ParameterSet_AcquisitionCounter_EngineeringUnits,10495,Variable
CAS.FTNIR.Simulator_Channel1_Channel1Stream1_ParameterSet_AcquisitionResultStatus,10496,Variable
CAS.FTNIR.Simulator_Channel1_Channel1Stream1_ParameterSet_AcquisitionResultStatus_Definition,10497,Variable
CAS.FTNIR.Simulator_Channel1_Channel1Stream1_ParameterSet_AcquisitionResultStatus_ValuePrecision,10498,Variable
CAS.FTNIR.Simulator_Channel1_Channel1Stream1_ParameterSet_RawData,10499,Variable
CAS.FTNIR.Simulator_Channel1_Channel1Stream1_ParameterSet_RawData_Definition,10500,Variable
CAS.FTNIR.Simulator_Channel1_Channel1Stream1_ParameterSet_RawData_ValuePrecision,10501,Variable
CAS.FTNIR.Simulator_Channel1_Channel1Stream1_ParameterSet_ScaledData,10502,Variable
CAS.FTNIR.Simulator_Channel1_Channel1Stream1_ParameterSet_ScaledData_Definition,10503,Variable
CAS.FTNIR.Simulator_Channel1_Channel1Stream1_ParameterSet_ScaledData_ValuePrecision,10504,Variable
CAS.FTNIR.Simulator_Channel1_Channel1Stream1_ParameterSet_AcquisitionEndTime,10505,Variable
CAS.FTNIR.Simulator_Channel1_Channel1Stream1_ParameterSet_AcquisitionEndTime_Definition,10506,Variable
CAS.FTNIR.Simulator_Channel1_Channel1Stream1_ParameterSet_AcquisitionEndTime_ValuePrecision,10507,Variable
CAS.FTNIR.Simulator_Channel1_Channel1Stream1_ParameterSet_CampaignId,10508,Variable
CAS.FTNIR.Simulator_Channel1_Channel1Stream1_ParameterSet_CampaignId_Definition,10509,Variable
CAS.FTNIR.Simulator_Channel1_Channel1Stream1_ParameterSet_CampaignId_ValuePrecision,10510,Variable
CAS.FTNIR.Simulator_Channel1_Channel1Stream1_ParameterSet_BatchId,10511,Variable
CAS.FTNIR.Simulator_Channel1_Channel1Stream1_ParameterSet_BatchId_Definition,10512,Variable
CAS.FTNIR.Simulator_Channel1_Channel1Stream1_ParameterSet_BatchId_ValuePrecision,10513,Variable
CAS.FTNIR.Simulator_Channel1_Channel1Stream1_ParameterSet_SubBatchId,10514,Variable
CAS.FTNIR.Simulator_Channel1_Channel1Stream1_ParameterSet_SubBatchId_Definition,10515,Variable
CAS.FTNIR.Simulator_Channel1_Channel1Stream1_ParameterSet_SubBatchId_ValuePrecision,10516,Variable
CAS.FTNIR.Simulator_Channel1_Channel1Stream1_ParameterSet_LotId,10517,Variable
CAS.FTNIR.Simulator_Channel1_Channel1Stream1_ParameterSet_LotId_Definition,10518,Variable
CAS.FTNIR.Simulator_Channel1_Channel1Stream1_ParameterSet_LotId_ValuePrecision,10519,Variable
CAS.FTNIR.Simulator_Channel1_Channel1Stream1_ParameterSet_MaterialId,10520,Variable
CAS.FTNIR.Simulator_Channel1_Channel1Stream1_ParameterSet_MaterialId_Definition,10521,Variable
CAS.FTNIR.Simulator_Channel1_Channel1Stream1_ParameterSet_MaterialId_ValuePrecision,10522,Variable
CAS.FTNIR.Simulator_Channel1_Channel1Stream1_ParameterSet_Process,10523,Variable
CAS.FTNIR.Simulator_Channel1_Channel1Stream1_ParameterSet_Process_Definition,10524,Variable
CAS.FTNIR.Simulator_Channel1_Channel1Stream1_ParameterSet_Process_ValuePrecision,10525,Variable
CAS.FTNIR.Simulator_Channel1_Channel1Stream1_ParameterSet_Unit,10526,Variable
CAS.FTNIR.Simulator_Channel1_Channel1Stream1_ParameterSet_Unit_Definition,10527,Variable
CAS.FTNIR.Simulator_Channel1_Channel1Stream1_ParameterSet_Unit_ValuePrecision,10528,Variable
CAS.FTNIR.Simulator_Channel1_Channel1Stream1_ParameterSet_Operation,10529,Variable
CAS.FTNIR.Simulator_Channel1_Channel1Stream1_ParameterSet_Operation_Definition,10530,Variable
CAS.FTNIR.Simulator_Channel1_Channel1Stream1_ParameterSet_Operation_ValuePrecision,10531,Variable
CAS.FTNIR.Simulator_Channel1_Channel1Stream1_ParameterSet_Phase,10532,Variable
CAS.FTNIR.Simulator_Channel1_Channel1Stream1_ParameterSet_Phase_Definition,10533,Variable
CAS.FTNIR.Simulator_Channel1_Channel1Stream1_ParameterSet_Phase_ValuePrecision,10534,Variable
CAS.FTNIR.Simulator_Channel1_Channel1Stream1_ParameterSet_UserId,10535,Variable
CAS.FTNIR.Simulator_Channel1_Channel1Stream1_ParameterSet_UserId_Definition,10536,Variable
CAS.FTNIR.Simulator_Channel1_Channel1Stream1_ParameterSet_UserId_ValuePrecision,10537,Variable
CAS.FTNIR.Simulator_Channel1_Channel1Stream1_ParameterSet_SampleId,10538,Variable
CAS.FTNIR.Simulator_Channel1_Channel1Stream1_ParameterSet_SampleId_Definition,10539,Variable
CAS.FTNIR.Simulator_Channel1_Channel1Stream1_ParameterSet_SampleId_ValuePrecision,10540,Variable
CAS.FTNIR.Simulator_Channel1_Channel1Stream1_Configuration,10541,Object
CAS.FTNIR.Simulator_Channel1_Channel1Stream1_Status,10542,Object
CAS.FTNIR.Simulator_Channel1_Channel1Stream1_AcquisitionSettings,10543,Object
CAS.FTNIR.Simulator_Channel1_Channel1Stream1_AcquisitionStatus,10544,Object
CAS.FTNIR.Simulator_Channel1_Channel1Stream1_AcquisitionData,10545,Object
CAS.FTNIR.Simulator_Channel1_Channel1Stream1_ChemometricModelSettings,10546,Object
CAS.FTNIR.Simulator_Channel1_Channel1Stream1_Context,10547,Object
CAS.FTNIR.Simulator_Channel1_Channel1Stream2,10548,Object
CAS.FTNIR.Simulator_Channel1_Channel1Stream2_ParameterSet,10549,Object
CAS.FTNIR.Simulator_Channel1_Channel1Stream2_MethodSet,10550,Object
CAS.FTNIR.Simulator_Channel1_Channel1Stream2_ParameterSet_StreamId,10551,Variable
CAS.FTNIR.Simulator_Channel1_Channel1Stream2_ParameterSet_StreamId_Definition,10552,Variable
CAS.FTNIR.Simulator_Channel1_Channel1Stream2_ParameterSet_StreamId_ValuePrecision,10553,Variable
CAS.FTNIR.Simulator_Channel1_Channel1Stream2_ParameterSet_IsEnabled,10554,Variable
CAS.FTNIR.Simulator_Channel1_Channel1Stream2_ParameterSet_IsEnabled_Definition,10555,Variable
CAS.FTNIR.Simulator_Channel1_Channel1Stream2_ParameterSet_IsEnabled_ValuePrecision,10556,Variable
CAS.FTNIR.Simulator_Channel1_Channel1Stream2_ParameterSet_IsForced,10557,Variable
CAS.FTNIR.Simulator_Channel1_Channel1Stream2_ParameterSet_IsForced_Definition,10558,Variable
CAS.FTNIR.Simulator_Channel1_Channel1Stream2_ParameterSet_IsForced_ValuePrecision,10559,Variable
CAS.FTNIR.Simulator_Channel1_Channel1Stream2_ParameterSet_DiagnosticStatus,10560,Variable
CAS.FTNIR.Simulator_Channel1_Channel1Stream2_ParameterSet_DiagnosticStatus_Definition,10561,Variable
CAS.FTNIR.Simulator_Channel1_Channel1Stream2_ParameterSet_DiagnosticStatus_ValuePrecision,10562,Variable
CAS.FTNIR.Simulator_Channel1_Channel1Stream2_ParameterSet_LastCalibrationTime,10563,Variable
CAS.FTNIR.Simulator_Channel1_Channel1Stream2_ParameterSet_LastCalibrationTime_Definition,10564,Variable
CAS.FTNIR.Simulator_Channel1_Channel1Stream2_ParameterSet_LastCalibrationTime_ValuePrecision,10565,Variable
CAS.FTNIR.Simulator_Channel1_Channel1Stream2_ParameterSet_LastValidationTime,10566,Variable
CAS.FTNIR.Simulator_Channel1_Channel1Stream2_ParameterSet_LastValidationTime_Definition,10567,Variable
CAS.FTNIR.Simulator_Channel1_Channel1Stream2_ParameterSet_LastValidationTime_ValuePrecision,10568,Variable
CAS.FTNIR.Simulator_Channel1_Channel1Stream2_ParameterSet_LastSampleTime,10569,Variable
CAS.FTNIR.Simulator_Channel1_Channel1Stream2_ParameterSet_LastSampleTime_Definition,10570,Variable
CAS.FTNIR.Simulator_Channel1_Channel1Stream2_ParameterSet_LastSampleTime_ValuePrecision,10571,Variable
CAS.FTNIR.Simulator_Channel1_Channel1Stream2_ParameterSet_TimeBetweenSamples,10572,Variable
CAS.FTNIR.Simulator_Channel1_Channel1Stream2_ParameterSet_TimeBetweenSamples_Definition,10573,Variable
CAS.FTNIR.Simulator_Channel1_Channel1Stream2_ParameterSet_TimeBetweenSamples_ValuePrecision,10574,Variable
CAS.FTNIR.Simulator_Channel1_Channel1Stream2_ParameterSet_TimeBetweenSamples_EURange,10575,Variable
CAS.FTNIR.Simulator_Channel1_Channel1Stream2_ParameterSet_TimeBetweenSamples_InstrumentRange,10576,Variable
CAS.FTNIR.Simulator_Channel1_Channel1Stream2_ParameterSet_TimeBetweenSamples_EngineeringUnits,10577,Variable
CAS.FTNIR.Simulator_Channel1_Channel1Stream2_ParameterSet_IsActive,10578,Variable
CAS.FTNIR.Simulator_Channel1_Channel1Stream2_ParameterSet_IsActive_Definition,10579,Variable
CAS.FTNIR.Simulator_Channel1_Channel1Stream2_ParameterSet_IsActive_ValuePrecision,10580,Variable
CAS.FTNIR.Simulator_Channel1_Channel1Stream2_ParameterSet_AcquisitionCycle,10581,Variable
CAS.FTNIR.Simulator_Channel1_Channel1Stream2_ParameterSet_Progress,10582,Variable
CAS.FTNIR.Simulator_Channel1_Channel1Stream2_ParameterSet_Progress_Definition,10583,Variable
CAS.FTNIR.Simulator_Channel1_Channel1Stream2_ParameterSet_Progress_ValuePrecision,10584,Variable
CAS.FTNIR.Simulator_Channel1_Channel1Stream2_ParameterSet_AcquisitionCounter,10585,Variable
CAS.FTNIR.Simulator_Channel1_Channel1Stream2_ParameterSet_AcquisitionCounter_Definition,10586,Variable
CAS.FTNIR.Simulator_Channel1_Channel1Stream2_ParameterSet_AcquisitionCounter_ValuePrecision,10587,Variable
CAS.FTNIR.Simulator_Channel1_Channel1Stream2_ParameterSet_AcquisitionCounter_EURange,10588,Variable
CAS.FTNIR.Simulator_Channel1_Channel1Stream2_ParameterSet_AcquisitionCounter_InstrumentRange,10589,Variable
CAS.FTNIR.Simulator_Channel1_Channel1Stream2_ParameterSet_AcquisitionCounter_EngineeringUnits,10590,Variable
CAS.FTNIR.Simulator_Channel1_Channel1Stream2_ParameterSet_AcquisitionResultStatus,10591,Variable
CAS.FTNIR.Simulator_Channel1_Channel1Stream2_ParameterSet_AcquisitionResultStatus_Definition,10592,Variable
CAS.FTNIR.Simulator_Channel1_Channel1Stream2_ParameterSet_AcquisitionResultStatus_ValuePrecision,10593,Variable
CAS.FTNIR.Simulator_Channel1_Channel1Stream2_ParameterSet_RawData,10594,Variable
CAS.FTNIR.Simulator_Channel1_Channel1Stream2_ParameterSet_RawData_Definition,10595,Variable
CAS.FTNIR.Simulator_Channel1_Channel1Stream2_ParameterSet_RawData_ValuePrecision,10596,Variable
CAS.FTNIR.Simulator_Channel1_Channel1Stream2_ParameterSet_ScaledData,10597,Variable
CAS.FTNIR.Simulator_Channel1_Channel1Stream2_ParameterSet_ScaledData_Definition,10598,Variable
CAS.FTNIR.Simulator_Channel1_Channel1Stream2_ParameterSet_ScaledData_ValuePrecision,10599,Variable
CAS.FTNIR.Simulator_Channel1_Channel1Stream2_ParameterSet_AcquisitionEndTime,10600,Variable
CAS.FTNIR.Simulator_Channel1_Channel1Stream2_ParameterSet_AcquisitionEndTime_Definition,10601,Variable
CAS.FTNIR.Simulator_Channel1_Channel1Stream2_ParameterSet_AcquisitionEndTime_ValuePrecision,10602,Variable
CAS.FTNIR.Simulator_Channel1_Channel1Stream2_ParameterSet_CampaignId,10603,Variable
CAS.FTNIR.Simulator_Channel1_Channel1Stream2_ParameterSet_CampaignId_Definition,10604,Variable
CAS.FTNIR.Simulator_Channel1_Channel1Stream2_ParameterSet_CampaignId_ValuePrecision,10605,Variable
CAS.FTNIR.Simulator_Channel1_Channel1Stream2_ParameterSet_BatchId,10606,Variable
CAS.FTNIR.Simulator_Channel1_Channel1Stream2_ParameterSet_BatchId_Definition,10607,Variable
CAS.FTNIR.Simulator_Channel1_Channel1Stream2_ParameterSet_BatchId_ValuePrecision,10608,Variable
CAS.FTNIR.Simulator_Channel1_Channel1Stream2_ParameterSet_SubBatchId,10609,Variable
CAS.FTNIR.Simulator_Channel1_Channel1Stream2_ParameterSet_SubBatchId_Definition,10610,Variable
CAS.FTNIR.Simulator_Channel1_Channel1Stream2_ParameterSet_SubBatchId_ValuePrecision,10611,Variable
CAS.FTNIR.Simulator_Channel1_Channel1Stream2_ParameterSet_LotId,10612,Variable
CAS.FTNIR.Simulator_Channel1_Channel1Stream2_ParameterSet_LotId_Definition,10613,Variable
CAS.FTNIR.Simulator_Channel1_Channel1Stream2_ParameterSet_LotId_ValuePrecision,10614,Variable
CAS.FTNIR.Simulator_Channel1_Channel1Stream2_ParameterSet_MaterialId,10615,Variable
CAS.FTNIR.Simulator_Channel1_Channel1Stream2_ParameterSet_MaterialId_Definition,10616,Variable
CAS.FTNIR.Simulator_Channel1_Channel1Stream2_ParameterSet_MaterialId_ValuePrecision,10617,Variable
CAS.FTNIR.Simulator_Channel1_Channel1Stream2_ParameterSet_Process,10618,Variable
CAS.FTNIR.Simulator_Channel1_Channel1Stream2_ParameterSet_Process_Definition,10619,Variable
CAS.FTNIR.Simulator_Channel1_Channel1Stream2_ParameterSet_Process_ValuePrecision,10620,Variable
CAS.FTNIR.Simulator_Channel1_Channel1Stream2_ParameterSet_Unit,10621,Variable
CAS.FTNIR.Simulator_Channel1_Channel1Stream2_ParameterSet_Unit_Definition,10622,Variable
CAS.FTNIR.Simulator_Channel1_Channel1Stream2_ParameterSet_Unit_ValuePrecision,10623,Variable
CAS.FTNIR.Simulator_Channel1_Channel1Stream2_ParameterSet_Operation,10624,Variable
CAS.FTNIR.Simulator_Channel1_Channel1Stream2_ParameterSet_Operation_Definition,10625,Variable
CAS.FTNIR.Simulator_Channel1_Channel1Stream2_ParameterSet_Operation_ValuePrecision,10626,Variable
CAS.FTNIR.Simulator_Channel1_Channel1Stream2_ParameterSet_Phase,10627,Variable
CAS.FTNIR.Simulator_Channel1_Channel1Stream2_ParameterSet_Phase_Definition,10628,Variable
CAS.FTNIR.Simulator_Channel1_Channel1Stream2_ParameterSet_Phase_ValuePrecision,10629,Variable
CAS.FTNIR.Simulator_Channel1_Channel1Stream2_ParameterSet_UserId,10630,Variable
CAS.FTNIR.Simulator_Channel1_Channel1Stream2_ParameterSet_UserId_Definition,10631,Variable
CAS.FTNIR.Simulator_Channel1_Channel1Stream2_ParameterSet_UserId_ValuePrecision,10632,Variable
CAS.FTNIR.Simulator_Channel1_Channel1Stream2_ParameterSet_SampleId,10633,Variable
CAS.FTNIR.Simulator_Channel1_Channel1Stream2_ParameterSet_SampleId_Definition,10634,Variable
CAS.FTNIR.Simulator_Channel1_Channel1Stream2_ParameterSet_SampleId_ValuePrecision,10635,Variable
CAS.FTNIR.Simulator_Channel1_Channel1Stream2_Configuration,10636,Object
CAS.FTNIR.Simulator_Channel1_Channel1Stream2_Status,10637,Object
CAS.FTNIR.Simulator_Channel1_Channel1Stream2_AcquisitionSettings,10638,Object
CAS.FTNIR.Simulator_Channel1_Channel1Stream2_AcquisitionStatus,10639,Object
CAS.FTNIR.Simulator_Channel1_Channel1Stream2_AcquisitionData,10640,Object
CAS.FTNIR.Simulator_Channel1_Channel1Stream2_ChemometricModelSettings,10641,Object
CAS.FTNIR.Simulator_Channel1_Channel1Stream2_Context,10642,Object
CAS.FTNIR.Simulator_Channel2,10643,Object
CAS.FTNIR.Simulator_Channel2_ParameterSet,10644,Object
CAS.FTNIR.Simulator_Channel2_MethodSet,10645,Object
CAS.FTNIR.Simulator_Channel2_ParameterSet_ChannelId,10646,Variable
CAS.FTNIR.Simulator_Channel2_ParameterSet_ChannelId_Definition,10647,Variable
CAS.FTNIR.Simulator_Channel2_ParameterSet_ChannelId_ValuePrecision,10648,Variable
CAS.FTNIR.Simulator_Channel2_ParameterSet_DiagnosticStatus,10649,Variable
CAS.FTNIR.Simulator_Channel2_ParameterSet_DiagnosticStatus_Definition,10650,Variable
CAS.FTNIR.Simulator_Channel2_ParameterSet_DiagnosticStatus_ValuePrecision,10651,Variable
CAS.FTNIR.Simulator_Channel2_ParameterSet_ActiveStream,10652,Variable
CAS.FTNIR.Simulator_Channel2_ParameterSet_ActiveStream_Definition,10653,Variable
CAS.FTNIR.Simulator_Channel2_ParameterSet_ActiveStream_ValuePrecision,10654,Variable
CAS.FTNIR.Simulator_Channel2_Configuration,10655,Object
CAS.FTNIR.Simulator_Channel2_Status,10656,Object
CAS.FTNIR.Simulator_Channel2_ChannelStateMachine,10657,Object
CAS.FTNIR.Simulator_Channel2_ChannelStateMachine_CurrentState,10658,Variable
CAS.FTNIR.Simulator_Channel2_ChannelStateMachine_CurrentState_Id,10659,Variable
CAS.FTNIR.Simulator_Channel2_ChannelStateMachine_CurrentState_Name,10660,Variable
CAS.FTNIR.Simulator_Channel2_ChannelStateMachine_CurrentState_Number,10661,Variable
CAS.FTNIR.Simulator_Channel2_ChannelStateMachine_CurrentState_EffectiveDisplayName,10662,Variable
CAS.FTNIR.Simulator_Channel2_ChannelStateMachine_LastTransition,10663,Variable
CAS.FTNIR.Simulator_Channel2_ChannelStateMachine_LastTransition_Id,10664,Variable
CAS.FTNIR.Simulator_Channel2_ChannelStateMachine_LastTransition_Name,10665,Variable
CAS.FTNIR.Simulator_Channel2_ChannelStateMachine_LastTransition_Number,10666,Variable
CAS.FTNIR.Simulator_Channel2_ChannelStateMachine_LastTransition_TransitionTime,10667,Variable
CAS.FTNIR.Simulator_Channel2_ChannelStateMachine_SlaveMode,10668,Object
CAS.FTNIR.Simulator_Channel2_ChannelStateMachine_SlaveMode_StateNumber,10669,Variable
CAS.FTNIR.Simulator_Channel2_ChannelStateMachine_Operating,10670,Object
CAS.FTNIR.Simulator_Channel2_ChannelStateMachine_Operating_StateNumber,10671,Variable
CAS.FTNIR.Simulator_Channel2_ChannelStateMachine_Operating_OperatingSubStateMachine,10672,Object
CAS.FTNIR.Simulator_Channel2_ChannelStateMachine_Local,10673,Object
CAS.FTNIR.Simulator_Channel2_ChannelStateMachine_Local_StateNumber,10674,Variable
CAS.FTNIR.Simulator_Channel2_ChannelStateMachine_Maintenance,10675,Object
CAS.FTNIR.Simulator_Channel2_ChannelStateMachine_Maintenance_StateNumber,10676,Variable
CAS.FTNIR.Simulator_Channel2_ChannelStateMachine_SlaveModeToOperatingTransition,10677,Object
CAS.FTNIR.Simulator_Channel2_ChannelStateMachine_SlaveModeToOperatingTransition_TransitionNumber,10678,Variable
CAS.FTNIR.Simulator_Channel2_ChannelStateMachine_OperatingToLocalTransition,10679,Object
CAS.FTNIR.Simulator_Channel2_ChannelStateMachine_OperatingToLocalTransition_TransitionNumber,10680,Variable
CAS.FTNIR.Simulator_Channel2_ChannelStateMachine_OperatingToMaintenanceTransition,10681,Object
CAS.FTNIR.Simulator_Channel2_ChannelStateMachine_OperatingToMaintenanceTransition_TransitionNumber,10682,Variable
CAS.FTNIR.Simulator_Channel2_ChannelStateMachine_LocalToOperatingTransition,10683,Object
CAS.FTNIR.Simulator_Channel2_ChannelStateMachine_LocalToOperatingTransition_TransitionNumber,10684,Variable
CAS.FTNIR.Simulator_Channel2_ChannelStateMachine_LocalToMaintenanceTransition,10685,Object
CAS.FTNIR.Simulator_Channel2_ChannelStateMachine_LocalToMaintenanceTransition_TransitionNumber,10686,Variable
CAS.FTNIR.Simulator_Channel2_ChannelStateMachine_MaintenanceToOperatingTransition,10687,Object
CAS.FTNIR.Simulator_Channel2_ChannelStateMachine_MaintenanceToOperatingTransition_TransitionNumber,10688,Variable
CAS.FTNIR.Simulator_Channel2_ChannelStateMachine_MaintenanceToLocalTransition,10689,Object
CAS.FTNIR.Simulator_Channel2_ChannelStateMachine_MaintenanceToLocalTransition_TransitionNumber,10690,Variable
CAS.FTNIR.Simulator_Channel2_ChannelStateMachine_OperatingToSlaveModeTransition,10691,Object
CAS.FTNIR.Simulator_Channel2_ChannelStateMachine_OperatingToSlaveModeTransition_TransitionNumber,10692,Variable
CAS.FTNIR.Simulator_Channel2_ChannelStateMachine_LocalToSlaveModeTransition,10693,Object
CAS.FTNIR.Simulator_Channel2_ChannelStateMachine_LocalToSlaveModeTransition_TransitionNumber,10694,Variable
CAS.FTNIR.Simulator_Channel2_ChannelStateMachine_MaintenanceToSlaveModeTransition,10695,Object
CAS.FTNIR.Simulator_Channel2_ChannelStateMachine_MaintenanceToSlaveModeTransition_TransitionNumber,10696,Variable
CAS.FTNIR.Simulator_Channel2_ChannelStateMachine_GotoOperating,10697,Method
CAS.FTNIR.Simulator_Channel2_ChannelStateMachine_GotoMaintenance,10698,Method
CAS.FTNIR.Simulator_Channel2_StartSingleAcquisition,10699,Method
CAS.FTNIR.Simulator_Channel2_StartSingleAcquisition_InputArguments,10700,Variable
CAS.FTNIR.Simulator_Channel2_Channel2Stream1,10701,Object
CAS.FTNIR.Simulator_Channel2_Channel2Stream1_ParameterSet,10702,Object
CAS.FTNIR.Simulator_Channel2_Channel2Stream1_MethodSet,10703,Object
CAS.FTNIR.Simulator_Channel2_Channel2Stream1_ParameterSet_StreamId,10704,Variable
CAS.FTNIR.Simulator_Channel2_Channel2Stream1_ParameterSet_StreamId_Definition,10705,Variable
CAS.FTNIR.Simulator_Channel2_Channel2Stream1_ParameterSet_StreamId_ValuePrecision,10706,Variable
CAS.FTNIR.Simulator_Channel2_Channel2Stream1_ParameterSet_IsEnabled,10707,Variable
CAS.FTNIR.Simulator_Channel2_Channel2Stream1_ParameterSet_IsEnabled_Definition,10708,Variable
CAS.FTNIR.Simulator_Channel2_Channel2Stream1_ParameterSet_IsEnabled_ValuePrecision,10709,Variable
CAS.FTNIR.Simulator_Channel2_Channel2Stream1_ParameterSet_IsForced,10710,Variable
CAS.FTNIR.Simulator_Channel2_Channel2Stream1_ParameterSet_IsForced_Definition,10711,Variable
CAS.FTNIR.Simulator_Channel2_Channel2Stream1_ParameterSet_IsForced_ValuePrecision,10712,Variable
CAS.FTNIR.Simulator_Channel2_Channel2Stream1_ParameterSet_DiagnosticStatus,10713,Variable
CAS.FTNIR.Simulator_Channel2_Channel2Stream1_ParameterSet_DiagnosticStatus_Definition,10714,Variable
CAS.FTNIR.Simulator_Channel2_Channel2Stream1_ParameterSet_DiagnosticStatus_ValuePrecision,10715,Variable
CAS.FTNIR.Simulator_Channel2_Channel2Stream1_ParameterSet_LastCalibrationTime,10716,Variable
CAS.FTNIR.Simulator_Channel2_Channel2Stream1_ParameterSet_LastCalibrationTime_Definition,10717,Variable
CAS.FTNIR.Simulator_Channel2_Channel2Stream1_ParameterSet_LastCalibrationTime_ValuePrecision,10718,Variable
CAS.FTNIR.Simulator_Channel2_Channel2Stream1_ParameterSet_LastValidationTime,10719,Variable
CAS.FTNIR.Simulator_Channel2_Channel2Stream1_ParameterSet_LastValidationTime_Definition,10720,Variable
CAS.FTNIR.Simulator_Channel2_Channel2Stream1_ParameterSet_LastValidationTime_ValuePrecision,10721,Variable
CAS.FTNIR.Simulator_Channel2_Channel2Stream1_ParameterSet_LastSampleTime,10722,Variable
CAS.FTNIR.Simulator_Channel2_Channel2Stream1_ParameterSet_LastSampleTime_Definition,10723,Variable
CAS.FTNIR.Simulator_Channel2_Channel2Stream1_ParameterSet_LastSampleTime_ValuePrecision,10724,Variable
CAS.FTNIR.Simulator_Channel2_Channel2Stream1_ParameterSet_TimeBetweenSamples,10725,Variable
CAS.FTNIR.Simulator_Channel2_Channel2Stream1_ParameterSet_TimeBetweenSamples_Definition,10726,Variable
CAS.FTNIR.Simulator_Channel2_Channel2Stream1_ParameterSet_TimeBetweenSamples_ValuePrecision,10727,Variable
CAS.FTNIR.Simulator_Channel2_Channel2Stream1_ParameterSet_TimeBetweenSamples_EURange,10728,Variable
CAS.FTNIR.Simulator_Channel2_Channel2Stream1_ParameterSet_TimeBetweenSamples_InstrumentRange,10729,Variable
CAS.FTNIR.Simulator_Channel2_Channel2Stream1_ParameterSet_TimeBetweenSamples_EngineeringUnits,10730,Variable
CAS.FTNIR.Simulator_Channel2_Channel2Stream1_ParameterSet_IsActive,10731,Variable
CAS.FTNIR.Simulator_Channel2_Channel2Stream1_ParameterSet_IsActive_Definition,10732,Variable
CAS.FTNIR.Simulator_Channel2_Channel2Stream1_ParameterSet_IsActive_ValuePrecision,10733,Variable
CAS.FTNIR.Simulator_Channel2_Channel2Stream1_ParameterSet_AcquisitionCycle,10734,Variable
CAS.FTNIR.Simulator_Channel2_Channel2Stream1_ParameterSet_Progress,10735,Variable
CAS.FTNIR.Simulator_Channel2_Channel2Stream1_ParameterSet_Progress_Definition,10736,Variable
CAS.FTNIR.Simulator_Channel2_Channel2Stream1_ParameterSet_Progress_ValuePrecision,10737,Variable
CAS.FTNIR.Simulator_Channel2_Channel2Stream1_ParameterSet_AcquisitionCounter,10738,Variable
CAS.FTNIR.Simulator_Channel2_Channel2Stream1_ParameterSet_AcquisitionCounter_Definition,10739,Variable
CAS.FTNIR.Simulator_Channel2_Channel2Stream1_ParameterSet_AcquisitionCounter_ValuePrecision,10740,Variable
CAS.FTNIR.Simulator_Channel2_Channel2Stream1_ParameterSet_AcquisitionCounter_EURange,10741,Variable
CAS.FTNIR.Simulator_Channel2_Channel2Stream1_ParameterSet_AcquisitionCounter_InstrumentRange,10742,Variable
CAS.FTNIR.Simulator_Channel2_Channel2Stream1_ParameterSet_AcquisitionCounter_EngineeringUnits,10743,Variable
CAS.FTNIR.Simulator_Channel2_Channel2Stream1_ParameterSet_AcquisitionResultStatus,10744,Variable
CAS.FTNIR.Simulator_Channel2_Channel2Stream1_ParameterSet_AcquisitionResultStatus_Definition,10745,Variable
CAS.FTNIR.Simulator_Channel2_Channel2Stream1_ParameterSet_AcquisitionResultStatus_ValuePrecision,10746,Variable
CAS.FTNIR.Simulator_Channel2_Channel2Stream1_ParameterSet_RawData,10747,Variable
CAS.FTNIR.Simulator_Channel2_Channel2Stream1_ParameterSet_RawData_Definition,10748,Variable
CAS.FTNIR.Simulator_Channel2_Channel2Stream1_ParameterSet_RawData_ValuePrecision,10749,Variable
CAS.FTNIR.Simulator_Channel2_Channel2Stream1_ParameterSet_ScaledData,10750,Variable
CAS.FTNIR.Simulator_Channel2_Channel2Stream1_ParameterSet_ScaledData_Definition,10751,Variable
CAS.FTNIR.Simulator_Channel2_Channel2Stream1_ParameterSet_ScaledData_ValuePrecision,10752,Variable
CAS.FTNIR.Simulator_Channel2_Channel2Stream1_ParameterSet_AcquisitionEndTime,10753,Variable
CAS.FTNIR.Simulator_Channel2_Channel2Stream1_ParameterSet_AcquisitionEndTime_Definition,10754,Variable
CAS.FTNIR.Simulator_Channel2_Channel2Stream1_ParameterSet_AcquisitionEndTime_ValuePrecision,10755,Variable
CAS.FTNIR.Simulator_Channel2_Channel2Stream1_ParameterSet_CampaignId,10756,Variable
CAS.FTNIR.Simulator_Channel2_Channel2Stream1_ParameterSet_CampaignId_Definition,10757,Variable
CAS.FTNIR.Simulator_Channel2_Channel2Stream1_ParameterSet_CampaignId_ValuePrecision,10758,Variable
CAS.FTNIR.Simulator_Channel2_Channel2Stream1_ParameterSet_BatchId,10759,Variable
CAS.FTNIR.Simulator_Channel2_Channel2Stream1_ParameterSet_BatchId_Definition,10760,Variable
CAS.FTNIR.Simulator_Channel2_Channel2Stream1_ParameterSet_BatchId_ValuePrecision,10761,Variable
CAS.FTNIR.Simulator_Channel2_Channel2Stream1_ParameterSet_SubBatchId,10762,Variable
CAS.FTNIR.Simulator_Channel2_Channel2Stream1_ParameterSet_SubBatchId_Definition,10763,Variable
CAS.FTNIR.Simulator_Channel2_Channel2Stream1_ParameterSet_SubBatchId_ValuePrecision,10764,Variable
CAS.FTNIR.Simulator_Channel2_Channel2Stream1_ParameterSet_LotId,10765,Variable
CAS.FTNIR.Simulator_Channel2_Channel2Stream1_ParameterSet_LotId_Definition,10766,Variable
CAS.FTNIR.Simulator_Channel2_Channel2Stream1_ParameterSet_LotId_ValuePrecision,10767,Variable
CAS.FTNIR.Simulator_Channel2_Channel2Stream1_ParameterSet_MaterialId,10768,Variable
CAS.FTNIR.Simulator_Channel2_Channel2Stream1_ParameterSet_MaterialId_Definition,10769,Variable
CAS.FTNIR.Simulator_Channel2_Channel2Stream1_ParameterSet_MaterialId_ValuePrecision,10770,Variable
CAS.FTNIR.Simulator_Channel2_Channel2Stream1_ParameterSet_Process,10771,Variable
CAS.FTNIR.Simulator_Channel2_Channel2Stream1_ParameterSet_Process_Definition,10772,Variable
CAS.FTNIR.Simulator_Channel2_Channel2Stream1_ParameterSet_Process_ValuePrecision,10773,Variable
CAS.FTNIR.Simulator_Channel2_Channel2Stream1_ParameterSet_Unit,10774,Variable
CAS.FTNIR.Simulator_Channel2_Channel2Stream1_ParameterSet_Unit_Definition,10775,Variable
CAS.FTNIR.Simulator_Channel2_Channel2Stream1_ParameterSet_Unit_ValuePrecision,10776,Variable
CAS.FTNIR.Simulator_Channel2_Channel2Stream1_ParameterSet_Operation,10777,Variable
CAS.FTNIR.Simulator_Channel2_Channel2Stream1_ParameterSet_Operation_Definition,10778,Variable
CAS.FTNIR.Simulator_Channel2_Channel2Stream1_ParameterSet_Operation_ValuePrecision,10779,Variable
CAS.FTNIR.Simulator_Channel2_Channel2Stream1_ParameterSet_Phase,10780,Variable
CAS.FTNIR.Simulator_Channel2_Channel2Stream1_ParameterSet_Phase_Definition,10781,Variable
CAS.FTNIR.Simulator_Channel2_Channel2Stream1_ParameterSet_Phase_ValuePrecision,10782,Variable
CAS.FTNIR.Simulator_Channel2_Channel2Stream1_ParameterSet_UserId,10783,Variable
CAS.FTNIR.Simulator_Channel2_Channel2Stream1_ParameterSet_UserId_Definition,10784,Variable
CAS.FTNIR.Simulator_Channel2_Channel2Stream1_ParameterSet_UserId_ValuePrecision,10785,Variable
CAS.FTNIR.Simulator_Channel2_Channel2Stream1_ParameterSet_SampleId,10786,Variable
CAS.FTNIR.Simulator_Channel2_Channel2Stream1_ParameterSet_SampleId_Definition,10787,Variable
CAS.FTNIR.Simulator_Channel2_Channel2Stream1_ParameterSet_SampleId_ValuePrecision,10788,Variable
CAS.FTNIR.Simulator_Channel2_Channel2Stream1_Configuration,10789,Object
CAS.FTNIR.Simulator_Channel2_Channel2Stream1_Status,10790,Object
CAS.FTNIR.Simulator_Channel2_Channel2Stream1_AcquisitionSettings,10791,Object
CAS.FTNIR.Simulator_Channel2_Channel2Stream1_AcquisitionStatus,10792,Object
CAS.FTNIR.Simulator_Channel2_Channel2Stream1_AcquisitionData,10793,Object
CAS.FTNIR.Simulator_Channel2_Channel2Stream1_ChemometricModelSettings,10794,Object
CAS.FTNIR.Simulator_Channel2_Channel2Stream1_Context,10795,Object
CAS.FTNIR.Simulator_Channel2_Channel2Stream2,10796,Object
CAS.FTNIR.Simulator_Channel2_Channel2Stream2_ParameterSet,10797,Object
CAS.FTNIR.Simulator_Channel2_Channel2Stream2_MethodSet,10798,Object
CAS.FTNIR.Simulator_Channel2_Channel2Stream2_ParameterSet_StreamId,10799,Variable
CAS.FTNIR.Simulator_Channel2_Channel2Stream2_ParameterSet_StreamId_Definition,10800,Variable
CAS.FTNIR.Simulator_Channel2_Channel2Stream2_ParameterSet_StreamId_ValuePrecision,10801,Variable
CAS.FTNIR.Simulator_Channel2_Channel2Stream2_ParameterSet_IsEnabled,10802,Variable
CAS.FTNIR.Simulator_Channel2_Channel2Stream2_ParameterSet_IsEnabled_Definition,10803,Variable
CAS.FTNIR.Simulator_Channel2_Channel2Stream2_ParameterSet_IsEnabled_ValuePrecision,10804,Variable
CAS.FTNIR.Simulator_Channel2_Channel2Stream2_ParameterSet_IsForced,10805,Variable
CAS.FTNIR.Simulator_Channel2_Channel2Stream2_ParameterSet_IsForced_Definition,10806,Variable
CAS.FTNIR.Simulator_Channel2_Channel2Stream2_ParameterSet_IsForced_ValuePrecision,10807,Variable
CAS.FTNIR.Simulator_Channel2_Channel2Stream2_ParameterSet_DiagnosticStatus,10808,Variable
CAS.FTNIR.Simulator_Channel2_Channel2Stream2_ParameterSet_DiagnosticStatus_Definition,10809,Variable
CAS.FTNIR.Simulator_Channel2_Channel2Stream2_ParameterSet_DiagnosticStatus_ValuePrecision,10810,Variable
CAS.FTNIR.Simulator_Channel2_Channel2Stream2_ParameterSet_LastCalibrationTime,10811,Variable
CAS.FTNIR.Simulator_Channel2_Channel2Stream2_ParameterSet_LastCalibrationTime_Definition,10812,Variable
CAS.FTNIR.Simulator_Channel2_Channel2Stream2_ParameterSet_LastCalibrationTime_ValuePrecision,10813,Variable
CAS.FTNIR.Simulator_Channel2_Channel2Stream2_ParameterSet_LastValidationTime,10814,Variable
CAS.FTNIR.Simulator_Channel2_Channel2Stream2_ParameterSet_LastValidationTime_Definition,10815,Variable
CAS.FTNIR.Simulator_Channel2_Channel2Stream2_ParameterSet_LastValidationTime_ValuePrecision,10816,Variable
CAS.FTNIR.Simulator_Channel2_Channel2Stream2_ParameterSet_LastSampleTime,10817,Variable
CAS.FTNIR.Simulator_Channel2_Channel2Stream2_ParameterSet_LastSampleTime_Definition,10818,Variable
CAS.FTNIR.Simulator_Channel2_Channel2Stream2_ParameterSet_LastSampleTime_ValuePrecision,10819,Variable
CAS.FTNIR.Simulator_Channel2_Channel2Stream2_ParameterSet_TimeBetweenSamples,10820,Variable
CAS.FTNIR.Simulator_Channel2_Channel2Stream2_ParameterSet_TimeBetweenSamples_Definition,10821,Variable
CAS.FTNIR.Simulator_Channel2_Channel2Stream2_ParameterSet_TimeBetweenSamples_ValuePrecision,10822,Variable
CAS.FTNIR.Simulator_Channel2_Channel2Stream2_ParameterSet_TimeBetweenSamples_EURange,10823,Variable
CAS.FTNIR.Simulator_Channel2_Channel2Stream2_ParameterSet_TimeBetweenSamples_InstrumentRange,10824,Variable
CAS.FTNIR.Simulator_Channel2_Channel2Stream2_ParameterSet_TimeBetweenSamples_EngineeringUnits,10825,Variable
CAS.FTNIR.Simulator_Channel2_Channel2Stream2_ParameterSet_IsActive,10826,Variable
CAS.FTNIR.Simulator_Channel2_Channel2Stream2_ParameterSet_IsActive_Definition,10827,Variable
CAS.FTNIR.Simulator_Channel2_Channel2Stream2_ParameterSet_IsActive_ValuePrecision,10828,Variable
CAS.FTNIR.Simulator_Channel2_Channel2Stream2_ParameterSet_AcquisitionCycle,10829,Variable
CAS.FTNIR.Simulator_Channel2_Channel2Stream2_ParameterSet_Progress,10830,Variable
CAS.FTNIR.Simulator_Channel2_Channel2Stream2_ParameterSet_Progress_Definition,10831,Variable
CAS.FTNIR.Simulator_Channel2_Channel2Stream2_ParameterSet_Progress_ValuePrecision,10832,Variable
CAS.FTNIR.Simulator_Channel2_Channel2Stream2_ParameterSet_AcquisitionCounter,10833,Variable
CAS.FTNIR.Simulator_Channel2_Channel2Stream2_ParameterSet_AcquisitionCounter_Definition,10834,Variable
CAS.FTNIR.Simulator_Channel2_Channel2Stream2_ParameterSet_AcquisitionCounter_ValuePrecision,10835,Variable
CAS.FTNIR.Simulator_Channel2_Channel2Stream2_ParameterSet_AcquisitionCounter_EURange,10836,Variable
CAS.FTNIR.Simulator_Channel2_Channel2Stream2_ParameterSet_AcquisitionCounter_InstrumentRange,10837,Variable
CAS.FTNIR.Simulator_Channel2_Channel2Stream2_ParameterSet_AcquisitionCounter_EngineeringUnits,10838,Variable
CAS.FTNIR.Simulator_Channel2_Channel2Stream2_ParameterSet_AcquisitionResultStatus,10839,Variable
CAS.FTNIR.Simulator_Channel2_Channel2Stream2_ParameterSet_AcquisitionResultStatus_Definition,10840,Variable
CAS.FTNIR.Simulator_Channel2_Channel2Stream2_ParameterSet_AcquisitionResultStatus_ValuePrecision,10841,Variable
CAS.FTNIR.Simulator_Channel2_Channel2Stream2_ParameterSet_RawData,10842,Variable
CAS.FTNIR.Simulator_Channel2_Channel2Stream2_ParameterSet_RawData_Definition,10843,Variable
CAS.FTNIR.Simulator_Channel2_Channel2Stream2_ParameterSet_RawData_ValuePrecision,10844,Variable
CAS.FTNIR.Simulator_Channel2_Channel2Stream2_ParameterSet_ScaledData,10845,Variable
CAS.FTNIR.Simulator_Channel2_Channel2Stream2_ParameterSet_ScaledData_Definition,10846,Variable
CAS.FTNIR.Simulator_Channel2_Channel2Stream2_ParameterSet_ScaledData_ValuePrecision,10847,Variable
CAS.FTNIR.Simulator_Channel2_Channel2Stream2_ParameterSet_AcquisitionEndTime,10848,Variable
CAS.FTNIR.Simulator_Channel2_Channel2Stream2_ParameterSet_AcquisitionEndTime_Definition,10849,Variable
CAS.FTNIR.Simulator_Channel2_Channel2Stream2_ParameterSet_AcquisitionEndTime_ValuePrecision,10850,Variable
CAS.FTNIR.Simulator_Channel2_Channel2Stream2_ParameterSet_CampaignId,10851,Variable
CAS.FTNIR.Simulator_Channel2_Channel2Stream2_ParameterSet_CampaignId_Definition,10852,Variable
CAS.FTNIR.Simulator_Channel2_Channel2Stream2_ParameterSet_CampaignId_ValuePrecision,10853,Variable
CAS.FTNIR.Simulator_Channel2_Channel2Stream2_ParameterSet_BatchId,10854,Variable
CAS.FTNIR.Simulator_Channel2_Channel2Stream2_ParameterSet_BatchId_Definition,10855,Variable
CAS.FTNIR.Simulator_Channel2_Channel2Stream2_ParameterSet_BatchId_ValuePrecision,10856,Variable
CAS.FTNIR.Simulator_Channel2_Channel2Stream2_ParameterSet_SubBatchId,10857,Variable
CAS.FTNIR.Simulator_Channel2_Channel2Stream2_ParameterSet_SubBatchId_Definition,10858,Variable
CAS.FTNIR.Simulator_Channel2_Channel2Stream2_ParameterSet_SubBatchId_ValuePrecision,10859,Variable
CAS.FTNIR.Simulator_Channel2_Channel2Stream2_ParameterSet_LotId,10860,Variable
CAS.FTNIR.Simulator_Channel2_Channel2Stream2_ParameterSet_LotId_Definition,10861,Variable
CAS.FTNIR.Simulator_Channel2_Channel2Stream2_ParameterSet_LotId_ValuePrecision,10862,Variable
CAS.FTNIR.Simulator_Channel2_Channel2Stream2_ParameterSet_MaterialId,10863,Variable
CAS.FTNIR.Simulator_Channel2_Channel2Stream2_ParameterSet_MaterialId_Definition,10864,Variable
CAS.FTNIR.Simulator_Channel2_Channel2Stream2_ParameterSet_MaterialId_ValuePrecision,10865,Variable
CAS.FTNIR.Simulator_Channel2_Channel2Stream2_ParameterSet_Process,10866,Variable
CAS.FTNIR.Simulator_Channel2_Channel2Stream2_ParameterSet_Process_Definition,10867,Variable
CAS.FTNIR.Simulator_Channel2_Channel2Stream2_ParameterSet_Process_ValuePrecision,10868,Variable
CAS.FTNIR.Simulator_Channel2_Channel2Stream2_ParameterSet_Unit,10869,Variable
CAS.FTNIR.Simulator_Channel2_Channel2Stream2_ParameterSet_Unit_Definition,10870,Variable
CAS.FTNIR.Simulator_Channel2_Channel2Stream2_ParameterSet_Unit_ValuePrecision,10871,Variable
CAS.FTNIR.Simulator_Channel2_Channel2Stream2_ParameterSet_Operation,10872,Variable
CAS.FTNIR.Simulator_Channel2_Channel2Stream2_ParameterSet_Operation_Definition,10873,Variable
CAS.FTNIR.Simulator_Channel2_Channel2Stream2_ParameterSet_Operation_ValuePrecision,10874,Variable
CAS.FTNIR.Simulator_Channel2_Channel2Stream2_ParameterSet_Phase,10875,Variable
CAS.FTNIR.Simulator_Channel2_Channel2Stream2_ParameterSet_Phase_Definition,10876,Variable
CAS.FTNIR.Simulator_Channel2_Channel2Stream2_ParameterSet_Phase_ValuePrecision,10877,Variable
CAS.FTNIR.Simulator_Channel2_Channel2Stream2_ParameterSet_UserId,10878,Variable
CAS.FTNIR.Simulator_Channel2_Channel2Stream2_ParameterSet_UserId_Definition,10879,Variable
CAS.FTNIR.Simulator_Channel2_Channel2Stream2_ParameterSet_UserId_ValuePrecision,10880,Variable
CAS.FTNIR.Simulator_Channel2_Channel2Stream2_ParameterSet_SampleId,10881,Variable
CAS.FTNIR.Simulator_Channel2_Channel2Stream2_ParameterSet_SampleId_Definition,10882,Variable
CAS.FTNIR.Simulator_Channel2_Channel2Stream2_ParameterSet_SampleId_ValuePrecision,10883,Variable
CAS.FTNIR.Simulator_Channel2_Channel2Stream2_Configuration,10884,Object
CAS.FTNIR.Simulator_Channel2_Channel2Stream2_Status,10885,Object
CAS.FTNIR.Simulator_Channel2_Channel2Stream2_AcquisitionSettings,10886,Object
CAS.FTNIR.Simulator_Channel2_Channel2Stream2_AcquisitionStatus,10887,Object
CAS.FTNIR.Simulator_Channel2_Channel2Stream2_AcquisitionData,10888,Object
CAS.FTNIR.Simulator_Channel2_Channel2Stream2_ChemometricModelSettings,10889,Object
CAS.FTNIR.Simulator_Channel2_Channel2Stream2_Context,10890,Object
CAS.FTNIR.Simulator_Channel1_Channel1DetectorSlot,10891,Object
CAS.FTNIR.Simulator_Channel1_Channel1DetectorSlot_ParameterSet,10892,Object
CAS.FTNIR.Simulator_Channel1_Channel1DetectorSlot_MethodSet,10893,Object
CAS.FTNIR.Simulator_Channel1_Channel1DetectorSlot_Configuration,10894,Object
CAS.FTNIR.Simulator_Channel1_Channel1DetectorSlot_Status,10895,Object
CAS.FTNIR.Simulator_Channel1_Channel1DetectorSlot_FactorySettings,10896,Object
CAS.FTNIR.Simulator_Channel1_Channel1DetectorSlot_IsHotSwappable,10897,Variable
CAS.FTNIR.Simulator_Channel1_Channel1DetectorSlot_IsReady,10898,Variable
CAS.FTNIR.Simulator_Channel1_Channel1DetectorSlot_ParameterSet_SerialNumber,10899,Variable
CAS.FTNIR.Simulator_Channel1_Channel1DetectorSlot_ParameterSet_SerialNumber_Definition,10900,Variable
CAS.FTNIR.Simulator_Channel1_Channel1DetectorSlot_ParameterSet_SerialNumber_ValuePrecision,10901,Variable
CAS.FTNIR.Simulator_Channel1_Channel1DetectorSlot_ParameterSet_Manufacturer,10902,Variable
CAS.FTNIR.Simulator_Channel1_Channel1DetectorSlot_ParameterSet_Manufacturer_Definition,10903,Variable
CAS.FTNIR.Simulator_Channel1_Channel1DetectorSlot_ParameterSet_Manufacturer_ValuePrecision,10904,Variable
CAS.FTNIR.Simulator_Channel1_Channel1DetectorSlot_ParameterSet_Model,10905,Variable
CAS.FTNIR.Simulator_Channel1_Channel1DetectorSlot_ParameterSet_Model_Definition,10906,Variable
CAS.FTNIR.Simulator_Channel1_Channel1DetectorSlot_ParameterSet_Model_ValuePrecision,10907,Variable
CAS.FTNIR.Simulator_Channel1_Channel1DetectorSlot_ParameterSet_Gain,10908,Variable
CAS.FTNIR.Simulator_Channel1_Channel1DetectorSlot_ParameterSet_Gain_Definition,10909,Variable
CAS.FTNIR.Simulator_Channel1_Channel1DetectorSlot_ParameterSet_Gain_ValuePrecision,10910,Variable
CAS.FTNIR.Simulator_Channel1_Channel1DetectorSlot_ParameterSet_IsSaturated,10911,Variable
CAS.FTNIR.Simulator_Channel1_Channel1DetectorSlot_ParameterSet_IsSaturated_Definition,10912,Variable
CAS.FTNIR.Simulator_Channel1_Channel1DetectorSlot_ParameterSet_IsSaturated_ValuePrecision,10913,Variable
CAS.FTNIR.Simulator_Channel1_Channel1LiquidCellSlot,10914,Object
CAS.FTNIR.Simulator_Channel1_Channel1LiquidCellSlot_ParameterSet,10915,Object
CAS.FTNIR.Simulator_Channel1_Channel1LiquidCellSlot_MethodSet,10916,Object
CAS.FTNIR.Simulator_Channel1_Channel1LiquidCellSlot_Configuration,10917,Object
CAS.FTNIR.Simulator_Channel1_Channel1LiquidCellSlot_Status,10918,Object
CAS.FTNIR.Simulator_Channel1_Channel1LiquidCellSlot_FactorySettings,10919,Object
CAS.FTNIR.Simulator_Channel1_Channel1LiquidCellSlot_IsHotSwappable,10920,Variable
CAS.FTNIR.Simulator_Channel1_Channel1LiquidCellSlot_IsReady,10921,Variable
CAS.FTNIR.Simulator_Channel1_Channel1LiquidCellSlot_ParameterSet_SerialNumber,10922,Variable
CAS.FTNIR.Simulator_Channel1_Channel1LiquidCellSlot_ParameterSet_SerialNumber_Definition,10923,Variable
CAS.FTNIR.Simulator_Channel1_Channel1LiquidCellSlot_ParameterSet_SerialNumber_ValuePrecision,10924,Variable
CAS.FTNIR.Simulator_Channel1_Channel1LiquidCellSlot_ParameterSet_Manufacturer,10925,Variable
CAS.FTNIR.Simulator_Channel1_Channel1LiquidCellSlot_ParameterSet_Manufacturer_Definition,10926,Variable
CAS.FTNIR.Simulator_Channel1_Channel1LiquidCellSlot_ParameterSet_Manufacturer_ValuePrecision,10927,Variable
CAS.FTNIR.Simulator_Channel1_Channel1LiquidCellSlot_ParameterSet_Model,10928,Variable
CAS.FTNIR.Simulator_Channel1_Channel1LiquidCellSlot_ParameterSet_Model_Definition,10929,Variable
CAS.FTNIR.Simulator_Channel1_Channel1LiquidCellSlot_ParameterSet_Model_ValuePrecision,10930,Variable
CAS.FTNIR.Simulator_Channel1_Channel1LiquidCellSlot_ParameterSet_ActualTemperature,10931,Variable
CAS.FTNIR.Simulator_Channel1_Channel1LiquidCellSlot_ParameterSet_ActualTemperature_Definition,10932,Variable
CAS.FTNIR.Simulator_Channel1_Channel1LiquidCellSlot_ParameterSet_ActualTemperature_ValuePrecision,10933,Variable
CAS.FTNIR.Simulator_Channel2_Channel2DetectorSlot,10934,Object
CAS.FTNIR.Simulator_Channel2_Channel2DetectorSlot_ParameterSet,10935,Object
CAS.FTNIR.Simulator_Channel2_Channel2DetectorSlot_MethodSet,10936,Object
CAS.FTNIR.Simulator_Channel2_Channel2DetectorSlot_Configuration,10937,Object
CAS.FTNIR.Simulator_Channel2_Channel2DetectorSlot_Status,10938,Object
CAS.FTNIR.Simulator_Channel2_Channel2DetectorSlot_FactorySettings,10939,Object
CAS.FTNIR.Simulator_Channel2_Channel2DetectorSlot_IsHotSwappable,10940,Variable
CAS.FTNIR.Simulator_Channel2_Channel2DetectorSlot_IsReady,10941,Variable
CAS.FTNIR.Simulator_Channel2_Channel2DetectorSlot_ParameterSet_SerialNumber,10942,Variable
CAS.FTNIR.Simulator_Channel2_Channel2DetectorSlot_ParameterSet_SerialNumber_Definition,10943,Variable
CAS.FTNIR.Simulator_Channel2_Channel2DetectorSlot_ParameterSet_SerialNumber_ValuePrecision,10944,Variable
CAS.FTNIR.Simulator_Channel2_Channel2DetectorSlot_ParameterSet_Manufacturer,10945,Variable
CAS.FTNIR.Simulator_Channel2_Channel2DetectorSlot_ParameterSet_Manufacturer_Definition,10946,Variable
CAS.FTNIR.Simulator_Channel2_Channel2DetectorSlot_ParameterSet_Manufacturer_ValuePrecision,10947,Variable
CAS.FTNIR.Simulator_Channel2_Channel2DetectorSlot_ParameterSet_Model,10948,Variable
CAS.FTNIR.Simulator_Channel2_Channel2DetectorSlot_ParameterSet_Model_Definition,10949,Variable
CAS.FTNIR.Simulator_Channel2_Channel2DetectorSlot_ParameterSet_Model_ValuePrecision,10950,Variable
CAS.FTNIR.Simulator_Channel2_Channel2DetectorSlot_ParameterSet_Gain,10951,Variable
CAS.FTNIR.Simulator_Channel2_Channel2DetectorSlot_ParameterSet_Gain_Definition,10952,Variable
CAS.FTNIR.Simulator_Channel2_Channel2DetectorSlot_ParameterSet_Gain_ValuePrecision,10953,Variable
CAS.FTNIR.Simulator_Channel2_Channel2DetectorSlot_ParameterSet_IsSaturated,10954,Variable
CAS.FTNIR.Simulator_Channel2_Channel2DetectorSlot_ParameterSet_IsSaturated_Definition,10955,Variable
CAS.FTNIR.Simulator_Channel2_Channel2DetectorSlot_ParameterSet_IsSaturated_ValuePrecision,10956,Variable
CAS.FTNIR.Simulator_Channel2_Channel2LiquidCellSlot,10957,Object
CAS.FTNIR.Simulator_Channel2_Channel2LiquidCellSlot_ParameterSet,10958,Object
CAS.FTNIR.Simulator_Channel2_Channel2LiquidCellSlot_MethodSet,10959,Object
CAS.FTNIR.Simulator_Channel2_Channel2LiquidCellSlot_Configuration,10960,Object
CAS.FTNIR.Simulator_Channel2_Channel2LiquidCellSlot_Status,10961,Object
CAS.FTNIR.Simulator_Channel2_Channel2LiquidCellSlot_FactorySettings,10962,Object
CAS.FTNIR.Simulator_Channel2_Channel2LiquidCellSlot_IsHotSwappable,10963,Variable
CAS.FTNIR.Simulator_Channel2_Channel2LiquidCellSlot_IsReady,10964,Variable
CAS.FTNIR.Simulator_Channel2_Channel2LiquidCellSlot_ParameterSet_SerialNumber,10965,Variable
CAS.FTNIR.Simulator_Channel2_Channel2LiquidCellSlot_ParameterSet_SerialNumber_Definition,10966,Variable
CAS.FTNIR.Simulator_Channel2_Channel2LiquidCellSlot_ParameterSet_SerialNumber_ValuePrecision,10967,Variable
CAS.FTNIR.Simulator_Channel2_Channel2LiquidCellSlot_ParameterSet_Manufacturer,10968,Variable
CAS.FTNIR.Simulator_Channel2_Channel2LiquidCellSlot_ParameterSet_Manufacturer_Definition,10969,Variable
CAS.FTNIR.Simulator_Channel2_Channel2LiquidCellSlot_ParameterSet_Manufacturer_ValuePrecision,10970,Variable
CAS.FTNIR.Simulator_Channel2_Channel2LiquidCellSlot_ParameterSet_Model,10971,Variable
CAS.FTNIR.Simulator_Channel2_Channel2LiquidCellSlot_ParameterSet_Model_Definition,10972,Variable
CAS.FTNIR.Simulator_Channel2_Channel2LiquidCellSlot_ParameterSet_Model_ValuePrecision,10973,Variable
CAS.FTNIR.Simulator_Channel2_Channel2LiquidCellSlot_ParameterSet_ActualTemperature,10974,Variable
CAS.FTNIR.Simulator_Channel2_Channel2LiquidCellSlot_ParameterSet_ActualTemperature_Definition,10975,Variable
CAS.FTNIR.Simulator_Channel2_Channel2LiquidCellSlot_ParameterSet_ActualTemperature_ValuePrecision,10976,Variable
