GenericControllerType,210,ObjectType
CustomControllerType,513,ObjectType
FlowTo,985,ReferenceType
HotFlowTo,986,ReferenceType
SignalTo,987,ReferenceType
GenericControllerType_Measurement,988,Variable
GenericControllerType_SetPoint,989,Variable
GenericControllerType_ControlOut,990,Variable
GenericSensorType,991,ObjectType
GenericSensorType_Output,992,Variable
GenericActuatorType,998,ObjectType
GenericActuatorType_Input,999,Variable
GenericActuatorType_Input_Definition,1000,Variable
GenericActuatorType_Input_ValuePrecision,1001,Variable
GenericActuatorType_Input_EURange,1002,Variable
GenericActuatorType_Input_InstrumentRange,1003,Variable
GenericActuatorType_Input_EngineeringUnits,1004,Variable
CustomControllerType_Input1,1005,Variable
CustomControllerType_Input2,1006,Variable
CustomControllerType_Input3,1007,Variable
CustomControllerType_ControlOut,1008,Variable
CustomControllerType_DescriptionX,1009,Variable
ValveType,1010,ObjectType
ValveType_Input,1011,Variable
ValveType_Input_Definition,1012,Variable
ValveType_Input_ValuePrecision,1013,Variable
ValveType_Input_EURange,1014,Variable
ValveType_Input_InstrumentRange,1015,Variable
ValveType_Input_EngineeringUnits,1016,Variable
LevelControllerType,1017,ObjectType
LevelControllerType_Measurement,1018,Variable
LevelControllerType_SetPoint,1019,Variable
LevelControllerType_ControlOut,1020,Variable
FlowControllerType,1021,ObjectType
FlowControllerType_Measurement,1022,Variable
FlowControllerType_SetPoint,1023,Variable
FlowControllerType_ControlOut,1024,Variable
LevelIndicatorType,1025,ObjectType
LevelIndicatorType_Output,1026,Variable
FlowTransmitterType,1032,ObjectType
FlowTransmitterType_Output,1033,Variable
BoilerStateMachineType,1039,ObjectType
BoilerStateMachineType_CurrentState,1040,Variable
BoilerStateMachineType_CurrentState_Id,1041,Variable
BoilerStateMachineType_CurrentState_Name,1042,Variable
BoilerStateMachineType_CurrentState_Number,1043,Variable
BoilerStateMachineType_CurrentState_EffectiveDisplayName,1044,Variable
BoilerStateMachineType_LastTransition,1045,Variable
BoilerStateMachineType_LastTransition_Id,1046,Variable
BoilerStateMachineType_LastTransition_Name,1047,Variable
BoilerStateMachineType_LastTransition_Number,1048,Variable
BoilerStateMachineType_LastTransition_TransitionTime,1049,Variable
BoilerStateMachineType_Creatable,1050,Variable
BoilerStateMachineType_Deletable,1051,Variable
BoilerStateMachineType_AutoDelete,1052,Variable
BoilerStateMachineType_RecycleCount,1053,Variable
BoilerStateMachineType_InstanceCount,1054,Variable
BoilerStateMachineType_MaxInstanceCount,1055,Variable
BoilerStateMachineType_MaxRecycleCount,1056,Variable
BoilerStateMachineType_ProgramDiagnostics,1057,Variable
BoilerStateMachineType_ProgramDiagnostics_CreateSessionId,1058,Variable
BoilerStateMachineType_ProgramDiagnostics_CreateClientName,1059,Variable
BoilerStateMachineType_ProgramDiagnostics_InvocationCreationTime,1060,Variable
BoilerStateMachineType_ProgramDiagnostics_LastTransitionTime,1061,Variable
BoilerStateMachineType_ProgramDiagnostics_LastMethodCall,1062,Variable
BoilerStateMachineType_ProgramDiagnostics_LastMethodSessionId,1063,Variable
BoilerStateMachineType_ProgramDiagnostics_LastMethodInputArguments,1064,Variable
BoilerStateMachineType_ProgramDiagnostics_LastMethodOutputArguments,1065,Variable
BoilerStateMachineType_ProgramDiagnostics_LastMethodCallTime,1066,Variable
BoilerStateMachineType_ProgramDiagnostics_LastMethodReturnStatus,1067,Variable
BoilerStateMachineType_FinalResultData,1068,Object
BoilerStateMachineType_Ready,1069,Object
BoilerStateMachineType_Ready_StateNumber,1070,Variable
BoilerStateMachineType_Running,1071,Object
BoilerStateMachineType_Running_StateNumber,1072,Variable
BoilerStateMachineType_Suspended,1073,Object
BoilerStateMachineType_Suspended_StateNumber,1074,Variable
BoilerStateMachineType_Halted,1075,Object
BoilerStateMachineType_Halted_StateNumber,1076,Variable
BoilerStateMachineType_HaltedToReady,1077,Object
BoilerStateMachineType_HaltedToReady_TransitionNumber,1078,Variable
BoilerStateMachineType_ReadyToRunning,1079,Object
BoilerStateMachineType_ReadyToRunning_TransitionNumber,1080,Variable
BoilerStateMachineType_RunningToHalted,1081,Object
BoilerStateMachineType_RunningToHalted_TransitionNumber,1082,Variable
BoilerStateMachineType_RunningToReady,1083,Object
BoilerStateMachineType_RunningToReady_TransitionNumber,1084,Variable
BoilerStateMachineType_RunningToSuspended,1085,Object
BoilerStateMachineType_RunningToSuspended_TransitionNumber,1086,Variable
BoilerStateMachineType_SuspendedToRunning,1087,Object
BoilerStateMachineType_SuspendedToRunning_TransitionNumber,1088,Variable
BoilerStateMachineType_SuspendedToHalted,1089,Object
BoilerStateMachineType_SuspendedToHalted_TransitionNumber,1090,Variable
BoilerStateMachineType_SuspendedToReady,1091,Object
BoilerStateMachineType_SuspendedToReady_TransitionNumber,1092,Variable
BoilerStateMachineType_ReadyToHalted,1093,Object
BoilerStateMachineType_ReadyToHalted_TransitionNumber,1094,Variable
BoilerStateMachineType_Start,1095,Method
BoilerStateMachineType_Suspend,1096,Method
BoilerStateMachineType_Resume,1097,Method
BoilerStateMachineType_Halt,1098,Method
BoilerStateMachineType_Reset,1099,Method
BoilerStateMachineType_UpdateRate,1100,Variable
BoilerInputPipeType,1101,ObjectType
BoilerInputPipeType_FlowTransmitter1,1102,Object
BoilerInputPipeType_FlowTransmitter1_Output,1103,Variable
BoilerInputPipeType_Valve,1109,Object
BoilerInputPipeType_Valve_Input,1110,Variable
BoilerInputPipeType_Valve_Input_Definition,1111,Variable
BoilerInputPipeType_Valve_Input_ValuePrecision,1112,Variable
BoilerInputPipeType_Valve_Input_EURange,1113,Variable
BoilerInputPipeType_Valve_Input_InstrumentRange,1114,Variable
BoilerInputPipeType_Valve_Input_EngineeringUnits,1115,Variable
BoilerDrumType,1116,ObjectType
BoilerDrumType_LevelIndicator,1117,Object
BoilerDrumType_LevelIndicator_Output,1118,Variable
BoilerOutputPipeType,1124,ObjectType
BoilerOutputPipeType_FlowTransmitter2,1125,Object
BoilerOutputPipeType_FlowTransmitter2_Output,1126,Variable
BoilerType,1132,ObjectType
BoilerType_InputPipe,1133,Object
BoilerType_InputPipe_FlowTransmitter1,1134,Object
BoilerType_InputPipe_FlowTransmitter1_Output,1135,Variable
BoilerType_InputPipe_Valve,1141,Object
BoilerType_InputPipe_Valve_Input,1142,Variable
BoilerType_InputPipe_Valve_Input_Definition,1143,Variable
BoilerType_InputPipe_Valve_Input_ValuePrecision,1144,Variable
BoilerType_InputPipe_Valve_Input_EURange,1145,Variable
BoilerType_InputPipe_Valve_Input_InstrumentRange,1146,Variable
BoilerType_InputPipe_Valve_Input_EngineeringUnits,1147,Variable
BoilerType_Drum,1148,Object
BoilerType_Drum_LevelIndicator,1149,Object
BoilerType_Drum_LevelIndicator_Output,1150,Variable
BoilerType_OutputPipe,1156,Object
BoilerType_OutputPipe_FlowTransmitter2,1157,Object
BoilerType_OutputPipe_FlowTransmitter2_Output,1158,Variable
BoilerType_FlowController,1164,Object
BoilerType_FlowController_Measurement,1165,Variable
BoilerType_FlowController_SetPoint,1166,Variable
BoilerType_FlowController_ControlOut,1167,Variable
BoilerType_LevelController,1168,Object
BoilerType_LevelController_Measurement,1169,Variable
BoilerType_LevelController_SetPoint,1170,Variable
BoilerType_LevelController_ControlOut,1171,Variable
BoilerType_CustomController,1172,Object
BoilerType_CustomController_Input1,1173,Variable
BoilerType_CustomController_Input2,1174,Variable
BoilerType_CustomController_Input3,1175,Variable
BoilerType_CustomController_ControlOut,1176,Variable
BoilerType_CustomController_DescriptionX,1177,Variable
BoilerType_Simulation,1178,Object
BoilerType_Simulation_CurrentState,1179,Variable
BoilerType_Simulation_CurrentState_Id,1180,Variable
BoilerType_Simulation_CurrentState_Name,1181,Variable
BoilerType_Simulation_CurrentState_Number,1182,Variable
BoilerType_Simulation_CurrentState_EffectiveDisplayName,1183,Variable
BoilerType_Simulation_LastTransition,1184,Variable
BoilerType_Simulation_LastTransition_Id,1185,Variable
BoilerType_Simulation_LastTransition_Name,1186,Variable
BoilerType_Simulation_LastTransition_Number,1187,Variable
BoilerType_Simulation_LastTransition_TransitionTime,1188,Variable
BoilerType_Simulation_Creatable,1189,Variable
BoilerType_Simulation_Deletable,1190,Variable
BoilerType_Simulation_AutoDelete,1191,Variable
BoilerType_Simulation_RecycleCount,1192,Variable
BoilerType_Simulation_InstanceCount,1193,Variable
BoilerType_Simulation_MaxInstanceCount,1194,Variable
BoilerType_Simulation_MaxRecycleCount,1195,Variable
BoilerType_Simulation_ProgramDiagnostics,1196,Variable
BoilerType_Simulation_ProgramDiagnostics_CreateSessionId,1197,Variable
BoilerType_Simulation_ProgramDiagnostics_CreateClientName,1198,Variable
BoilerType_Simulation_ProgramDiagnostics_InvocationCreationTime,1199,Variable
BoilerType_Simulation_ProgramDiagnostics_LastTransitionTime,1200,Variable
BoilerType_Simulation_ProgramDiagnostics_LastMethodCall,1201,Variable
BoilerType_Simulation_ProgramDiagnostics_LastMethodSessionId,1202,Variable
BoilerType_Simulation_ProgramDiagnostics_LastMethodInputArguments,1203,Variable
BoilerType_Simulation_ProgramDiagnostics_LastMethodOutputArguments,1204,Variable
BoilerType_Simulation_ProgramDiagnostics_LastMethodCallTime,1205,Variable
BoilerType_Simulation_ProgramDiagnostics_LastMethodReturnStatus,1206,Variable
BoilerType_Simulation_FinalResultData,1207,Object
BoilerType_Simulation_Ready,1208,Object
BoilerType_Simulation_Ready_StateNumber,1209,Variable
BoilerType_Simulation_Running,1210,Object
BoilerType_Simulation_Running_StateNumber,1211,Variable
BoilerType_Simulation_Suspended,1212,Object
BoilerType_Simulation_Suspended_StateNumber,1213,Variable
BoilerType_Simulation_Halted,1214,Object
BoilerType_Simulation_Halted_StateNumber,1215,Variable
BoilerType_Simulation_HaltedToReady,1216,Object
BoilerType_Simulation_HaltedToReady_TransitionNumber,1217,Variable
BoilerType_Simulation_ReadyToRunning,1218,Object
BoilerType_Simulation_ReadyToRunning_TransitionNumber,1219,Variable
BoilerType_Simulation_RunningToHalted,1220,Object
BoilerType_Simulation_RunningToHalted_TransitionNumber,1221,Variable
BoilerType_Simulation_RunningToReady,1222,Object
BoilerType_Simulation_RunningToReady_TransitionNumber,1223,Variable
BoilerType_Simulation_RunningToSuspended,1224,Object
BoilerType_Simulation_RunningToSuspended_TransitionNumber,1225,Variable
BoilerType_Simulation_SuspendedToRunning,1226,Object
BoilerType_Simulation_SuspendedToRunning_TransitionNumber,1227,Variable
BoilerType_Simulation_SuspendedToHalted,1228,Object
BoilerType_Simulation_SuspendedToHalted_TransitionNumber,1229,Variable
BoilerType_Simulation_SuspendedToReady,1230,Object
BoilerType_Simulation_SuspendedToReady_TransitionNumber,1231,Variable
BoilerType_Simulation_ReadyToHalted,1232,Object
BoilerType_Simulation_ReadyToHalted_TransitionNumber,1233,Variable
BoilerType_Simulation_Start,1234,Method
BoilerType_Simulation_Suspend,1235,Method
BoilerType_Simulation_Resume,1236,Method
BoilerType_Simulation_Halt,1237,Method
BoilerType_Simulation_Reset,1238,Method
BoilerType_Simulation_UpdateRate,1239,Variable
Boilers,1240,Object
Boilers_Boiler1,1241,Object
Boilers_Boiler1_InputPipe,1242,Object
Boilers_Boiler1_InputPipe_FlowTransmitter1,1243,Object
Boilers_Boiler1_InputPipe_FlowTransmitter1_Output,1244,Variable
Boilers_Boiler1_InputPipe_Valve,1250,Object
Boilers_Boiler1_InputPipe_Valve_Input,1251,Variable
Boilers_Boiler1_InputPipe_Valve_Input_Definition,1252,Variable
Boilers_Boiler1_InputPipe_Valve_Input_ValuePrecision,1253,Variable
Boilers_Boiler1_InputPipe_Valve_Input_EURange,1254,Variable
Boilers_Boiler1_InputPipe_Valve_Input_InstrumentRange,1255,Variable
Boilers_Boiler1_InputPipe_Valve_Input_EngineeringUnits,1256,Variable
Boilers_Boiler1_Drum,1257,Object
Boilers_Boiler1_Drum_LevelIndicator,1258,Object
Boilers_Boiler1_Drum_LevelIndicator_Output,1259,Variable
Boilers_Boiler1_OutputPipe,1265,Object
Boilers_Boiler1_OutputPipe_FlowTransmitter2,1266,Object
Boilers_Boiler1_OutputPipe_FlowTransmitter2_Output,1267,Variable
Boilers_Boiler1_FlowController,1273,Object
Boilers_Boiler1_FlowController_Measurement,1274,Variable
Boilers_Boiler1_FlowController_SetPoint,1275,Variable
Boilers_Boiler1_FlowController_ControlOut,1276,Variable
Boilers_Boiler1_LevelController,1277,Object
Boilers_Boiler1_LevelController_Measurement,1278,Variable
Boilers_Boiler1_LevelController_SetPoint,1279,Variable
Boilers_Boiler1_LevelController_ControlOut,1280,Variable
Boilers_Boiler1_CustomController,1281,Object
Boilers_Boiler1_CustomController_Input1,1282,Variable
Boilers_Boiler1_CustomController_Input2,1283,Variable
Boilers_Boiler1_CustomController_Input3,1284,Variable
Boilers_Boiler1_CustomController_ControlOut,1285,Variable
Boilers_Boiler1_CustomController_DescriptionX,1286,Variable
Boilers_Boiler1_Simulation,1287,Object
Boilers_Boiler1_Simulation_CurrentState,1288,Variable
Boilers_Boiler1_Simulation_CurrentState_Id,1289,Variable
Boilers_Boiler1_Simulation_CurrentState_Name,1290,Variable
Boilers_Boiler1_Simulation_CurrentState_Number,1291,Variable
Boilers_Boiler1_Simulation_CurrentState_EffectiveDisplayName,1292,Variable
Boilers_Boiler1_Simulation_LastTransition,1293,Variable
Boilers_Boiler1_Simulation_LastTransition_Id,1294,Variable
Boilers_Boiler1_Simulation_LastTransition_Name,1295,Variable
Boilers_Boiler1_Simulation_LastTransition_Number,1296,Variable
Boilers_Boiler1_Simulation_LastTransition_TransitionTime,1297,Variable
Boilers_Boiler1_Simulation_Creatable,1298,Variable
Boilers_Boiler1_Simulation_Deletable,1299,Variable
Boilers_Boiler1_Simulation_AutoDelete,1300,Variable
Boilers_Boiler1_Simulation_RecycleCount,1301,Variable
Boilers_Boiler1_Simulation_InstanceCount,1302,Variable
Boilers_Boiler1_Simulation_MaxInstanceCount,1303,Variable
Boilers_Boiler1_Simulation_MaxRecycleCount,1304,Variable
Boilers_Boiler1_Simulation_ProgramDiagnostics,1305,Variable
Boilers_Boiler1_Simulation_ProgramDiagnostics_CreateSessionId,1306,Variable
Boilers_Boiler1_Simulation_ProgramDiagnostics_CreateClientName,1307,Variable
Boilers_Boiler1_Simulation_ProgramDiagnostics_InvocationCreationTime,1308,Variable
Boilers_Boiler1_Simulation_ProgramDiagnostics_LastTransitionTime,1309,Variable
Boilers_Boiler1_Simulation_ProgramDiagnostics_LastMethodCall,1310,Variable
Boilers_Boiler1_Simulation_ProgramDiagnostics_LastMethodSessionId,1311,Variable
Boilers_Boiler1_Simulation_ProgramDiagnostics_LastMethodInputArguments,1312,Variable
Boilers_Boiler1_Simulation_ProgramDiagnostics_LastMethodOutputArguments,1313,Variable
Boilers_Boiler1_Simulation_ProgramDiagnostics_LastMethodCallTime,1314,Variable
Boilers_Boiler1_Simulation_ProgramDiagnostics_LastMethodReturnStatus,1315,Variable
Boilers_Boiler1_Simulation_FinalResultData,1316,Object
Boilers_Boiler1_Simulation_Ready,1317,Object
Boilers_Boiler1_Simulation_Ready_StateNumber,1318,Variable
Boilers_Boiler1_Simulation_Running,1319,Object
Boilers_Boiler1_Simulation_Running_StateNumber,1320,Variable
Boilers_Boiler1_Simulation_Suspended,1321,Object
Boilers_Boiler1_Simulation_Suspended_StateNumber,1322,Variable
Boilers_Boiler1_Simulation_Halted,1323,Object
Boilers_Boiler1_Simulation_Halted_StateNumber,1324,Variable
Boilers_Boiler1_Simulation_HaltedToReady,1325,Object
Boilers_Boiler1_Simulation_HaltedToReady_TransitionNumber,1326,Variable
Boilers_Boiler1_Simulation_ReadyToRunning,1327,Object
Boilers_Boiler1_Simulation_ReadyToRunning_TransitionNumber,1328,Variable
Boilers_Boiler1_Simulation_RunningToHalted,1329,Object
Boilers_Boiler1_Simulation_RunningToHalted_TransitionNumber,1330,Variable
Boilers_Boiler1_Simulation_RunningToReady,1331,Object
Boilers_Boiler1_Simulation_RunningToReady_TransitionNumber,1332,Variable
Boilers_Boiler1_Simulation_RunningToSuspended,1333,Object
Boilers_Boiler1_Simulation_RunningToSuspended_TransitionNumber,1334,Variable
Boilers_Boiler1_Simulation_SuspendedToRunning,1335,Object
Boilers_Boiler1_Simulation_SuspendedToRunning_TransitionNumber,1336,Variable
Boilers_Boiler1_Simulation_SuspendedToHalted,1337,Object
Boilers_Boiler1_Simulation_SuspendedToHalted_TransitionNumber,1338,Variable
Boilers_Boiler1_Simulation_SuspendedToReady,1339,Object
Boilers_Boiler1_Simulation_SuspendedToReady_TransitionNumber,1340,Variable
Boilers_Boiler1_Simulation_ReadyToHalted,1341,Object
Boilers_Boiler1_Simulation_ReadyToHalted_TransitionNumber,1342,Variable
Boilers_Boiler1_Simulation_Start,1343,Method
Boilers_Boiler1_Simulation_Suspend,1344,Method
Boilers_Boiler1_Simulation_Resume,1345,Method
Boilers_Boiler1_Simulation_Halt,1346,Method
Boilers_Boiler1_Simulation_Reset,1347,Method
Boilers_Boiler1_Simulation_UpdateRate,1348,Variable
GenericSensorType_Output_Definition,1349,Variable
GenericSensorType_Output_ValuePrecision,1350,Variable
GenericSensorType_Output_EURange,1351,Variable
GenericSensorType_Output_InstrumentRange,1352,Variable
GenericSensorType_Output_EngineeringUnits,1353,Variable
LevelIndicatorType_Output_Definition,1354,Variable
LevelIndicatorType_Output_ValuePrecision,1355,Variable
LevelIndicatorType_Output_EURange,1356,Variable
LevelIndicatorType_Output_InstrumentRange,1357,Variable
LevelIndicatorType_Output_EngineeringUnits,1358,Variable
FlowTransmitterType_Output_Definition,1359,Variable
FlowTransmitterType_Output_ValuePrecision,1360,Variable
FlowTransmitterType_Output_EURange,1361,Variable
FlowTransmitterType_Output_InstrumentRange,1362,Variable
FlowTransmitterType_Output_EngineeringUnits,1363,Variable
BoilerInputPipeType_FlowTransmitter1_Output_Definition,1364,Variable
BoilerInputPipeType_FlowTransmitter1_Output_ValuePrecision,1365,Variable
BoilerInputPipeType_FlowTransmitter1_Output_EURange,1366,Variable
BoilerInputPipeType_FlowTransmitter1_Output_InstrumentRange,1367,Variable
BoilerInputPipeType_FlowTransmitter1_Output_EngineeringUnits,1368,Variable
BoilerDrumType_LevelIndicator_Output_Definition,1369,Variable
BoilerDrumType_LevelIndicator_Output_ValuePrecision,1370,Variable
BoilerDrumType_LevelIndicator_Output_EURange,1371,Variable
BoilerDrumType_LevelIndicator_Output_InstrumentRange,1372,Variable
BoilerDrumType_LevelIndicator_Output_EngineeringUnits,1373,Variable
BoilerOutputPipeType_FlowTransmitter2_Output_Definition,1374,Variable
BoilerOutputPipeType_FlowTransmitter2_Output_ValuePrecision,1375,Variable
BoilerOutputPipeType_FlowTransmitter2_Output_EURange,1376,Variable
BoilerOutputPipeType_FlowTransmitter2_Output_InstrumentRange,1377,Variable
BoilerOutputPipeType_FlowTransmitter2_Output_EngineeringUnits,1378,Variable
BoilerType_InputPipe_FlowTransmitter1_Output_Definition,1379,Variable
BoilerType_InputPipe_FlowTransmitter1_Output_ValuePrecision,1380,Variable
BoilerType_InputPipe_FlowTransmitter1_Output_EURange,1381,Variable
BoilerType_InputPipe_FlowTransmitter1_Output_InstrumentRange,1382,Variable
BoilerType_InputPipe_FlowTransmitter1_Output_EngineeringUnits,1383,Variable
BoilerType_Drum_LevelIndicator_Output_Definition,1384,Variable
BoilerType_Drum_LevelIndicator_Output_ValuePrecision,1385,Variable
BoilerType_Drum_LevelIndicator_Output_EURange,1386,Variable
BoilerType_Drum_LevelIndicator_Output_InstrumentRange,1387,Variable
BoilerType_Drum_LevelIndicator_Output_EngineeringUnits,1388,Variable
BoilerType_OutputPipe_FlowTransmitter2_Output_Definition,1389,Variable
BoilerType_OutputPipe_FlowTransmitter2_Output_ValuePrecision,1390,Variable
BoilerType_OutputPipe_FlowTransmitter2_Output_EURange,1391,Variable
BoilerType_OutputPipe_FlowTransmitter2_Output_InstrumentRange,1392,Variable
BoilerType_OutputPipe_FlowTransmitter2_Output_EngineeringUnits,1393,Variable
Boilers_Boiler1_InputPipe_FlowTransmitter1_Output_Definition,1394,Variable
Boilers_Boiler1_InputPipe_FlowTransmitter1_Output_ValuePrecision,1395,Variable
Boilers_Boiler1_InputPipe_FlowTransmitter1_Output_EURange,1396,Variable
Boilers_Boiler1_InputPipe_FlowTransmitter1_Output_InstrumentRange,1397,Variable
Boilers_Boiler1_InputPipe_FlowTransmitter1_Output_EngineeringUnits,1398,Variable
Boilers_Boiler1_Drum_LevelIndicator_Output_Definition,1399,Variable
Boilers_Boiler1_Drum_LevelIndicator_Output_ValuePrecision,1400,Variable
Boilers_Boiler1_Drum_LevelIndicator_Output_EURange,1401,Variable
Boilers_Boiler1_Drum_LevelIndicator_Output_InstrumentRange,1402,Variable
Boilers_Boiler1_Drum_LevelIndicator_Output_EngineeringUnits,1403,Variable
Boilers_Boiler1_OutputPipe_FlowTransmitter2_Output_Definition,1404,Variable
Boilers_Boiler1_OutputPipe_FlowTransmitter2_Output_ValuePrecision,1405,Variable
Boilers_Boiler1_OutputPipe_FlowTransmitter2_Output_EURange,1406,Variable
Boilers_Boiler1_OutputPipe_FlowTransmitter2_Output_InstrumentRange,1407,Variable
Boilers_Boiler1_OutputPipe_FlowTransmitter2_Output_EngineeringUnits,1408,Variable
